,part0,part1,part2,part3,part4,part5,-/-,-/+,+/-,+/+,output_phenotype
0,pTet,pBAD,AraC,pTet,pBAD,AraC,"[[0], [0], [0], [0], [0], [0]]","[[1], [0], [0], [1], [0], [0]]","[[0], [0], [0], [0], [0], [0]]","[[1], [0], [0], [1], [0], [0]]","[[0], [0], [0], [0]]"
1,pTet,pBAD,AraC,pTet,pBAD,PsrA,"[[0], [0], [0], [0], [0], [0]]","[[1], [0], [0], [1], [0], [0]]","[[0], [0], [0], [0], [0], [0]]","[[1], [0], [0], [1], [0], [0]]","[[0], [0], [0], [0]]"
2,pTet,pBAD,AraC,pTet,pBAD,tfSp,"[[0], [0], [0], [0], [0], [0]]","[[1], [0], [0], [1], [0], [0]]","[[0], [0], [0], [0], [0], [0]]","[[1], [0], [0], [1], [0], [0]]","[[0], [0], [0], [0]]"
3,pTet,pBAD,AraC,pTet,pPsrA,AraC,"[[0], [0], [0], [0], [1], [1]]","[[1], [0], [0], [1], [1], [1]]","[[0], [0], [0], [0], [1], [1]]","[[1], [0], [0], [1], [1], [1]]","[[1], [1], [1], [1]]"
4,pTet,pBAD,AraC,pTet,pPsrA,PsrA,"[[0, 0], [0, 0], [0, 0], [0, 0], [1, 0], [1, 0]]","[[1], [0], [0], [1], [1], [1]]","[[0, 0], [0, 0], [0, 0], [0, 0], [0, 1], [0, 1]]","[[1], [0], [0], [1], [1], [1]]","[[1, 0], [1], [0, 1], [1]]"
5,pTet,pBAD,AraC,pTet,pPsrA,tfSp,"[[0], [0], [0], [0], [1], [1]]","[[1], [0], [0], [1], [1], [1]]","[[0], [0], [0], [0], [1], [1]]","[[1], [0], [0], [1], [1], [1]]","[[1], [1], [1], [1]]"
6,pTet,pBAD,AraC,pTet,pTac,AraC,"[[0], [0], [0], [0], [0], [0]]","[[1], [0], [0], [1], [1], [1]]","[[0], [0], [0], [0], [1], [1]]","[[1], [0], [0], [1], [1], [1]]","[[0], [1], [1], [1]]"
7,pTet,pBAD,AraC,pTet,pTac,PsrA,"[[0], [0], [0], [0], [0], [0]]","[[1], [0], [0], [1], [1], [1]]","[[0], [0], [0], [0], [1], [1]]","[[1], [0], [0], [1], [1], [1]]","[[0], [1], [1], [1]]"
8,pTet,pBAD,AraC,pTet,pTac,tfSp,"[[0], [0], [0], [0], [0], [0]]","[[1], [0], [0], [1], [1], [1]]","[[0], [0], [0], [0], [1], [1]]","[[1], [0], [0], [1], [1], [1]]","[[0], [1], [1], [1]]"
9,pTet,pBAD,AraC,T10,pBAD,AraC,"[[0], [0], [0], [0], [0], [0]]","[[1], [0], [0], [0], [0], [0]]","[[0], [0], [0], [0], [0], [0]]","[[1], [0], [0], [0], [0], [0]]","[[0], [0], [0], [0]]"
10,pTet,pBAD,AraC,T10,pBAD,PsrA,"[[0], [0], [0], [0], [0], [0]]","[[1], [0], [0], [0], [0], [0]]","[[0], [0], [0], [0], [0], [0]]","[[1], [0], [0], [0], [0], [0]]","[[0], [0], [0], [0]]"
11,pTet,pBAD,AraC,T10,pBAD,tfSp,"[[0], [0], [0], [0], [0], [0]]","[[1], [0], [0], [0], [0], [0]]","[[0], [0], [0], [0], [0], [0]]","[[1], [0], [0], [0], [0], [0]]","[[0], [0], [0], [0]]"
12,pTet,pBAD,AraC,T10,pPsrA,AraC,"[[0], [0], [0], [0], [1], [1]]","[[1], [0], [0], [0], [1], [1]]","[[0], [0], [0], [0], [1], [1]]","[[1], [0], [0], [0], [1], [1]]","[[1], [1], [1], [1]]"
13,pTet,pBAD,AraC,T10,pPsrA,PsrA,"[[0, 0], [0, 0], [0, 0], [0, 0], [1, 0], [1, 0]]","[[1, 1], [0, 0], [0, 0], [0, 0], [0, 1], [0, 1]]","[[0, 0], [0, 0], [0, 0], [0, 0], [1, 0], [1, 0]]","[[1, 1], [0, 0], [0, 0], [0, 0], [0, 1], [0, 1]]","[[1, 0], [0, 1], [1, 0], [0, 1]]"
14,pTet,pBAD,AraC,T10,pPsrA,tfSp,"[[0], [0], [0], [0], [1], [1]]","[[1], [0], [0], [0], [1], [1]]","[[0], [0], [0], [0], [1], [1]]","[[1], [0], [0], [0], [1], [1]]","[[1], [1], [1], [1]]"
15,pTet,pBAD,AraC,T10,pTac,AraC,"[[0], [0], [0], [0], [0], [0]]","[[1], [0], [0], [0], [0], [0]]","[[0], [0], [0], [0], [1], [1]]","[[1], [0], [0], [0], [1], [1]]","[[0], [0], [1], [1]]"
16,pTet,pBAD,AraC,T10,pTac,PsrA,"[[0], [0], [0], [0], [0], [0]]","[[1], [0], [0], [0], [0], [0]]","[[0], [0], [0], [0], [1], [1]]","[[1], [0], [0], [0], [1], [1]]","[[0], [0], [1], [1]]"
17,pTet,pBAD,AraC,T10,pTac,tfSp,"[[0], [0], [0], [0], [0], [0]]","[[1], [0], [0], [0], [0], [0]]","[[0], [0], [0], [0], [1], [1]]","[[1], [0], [0], [0], [1], [1]]","[[0], [0], [1], [1]]"
18,pTet,pBAD,PsrA,pTet,pBAD,AraC,"[[0], [0], [0], [0], [0], [0]]","[[1], [0], [0], [1], [0], [0]]","[[0], [0], [0], [0], [0], [0]]","[[1], [0], [0], [1], [0], [0]]","[[0], [0], [0], [0]]"
19,pTet,pBAD,PsrA,pTet,pBAD,PsrA,"[[0], [0], [0], [0], [0], [0]]","[[1], [0], [0], [1], [0], [0]]","[[0], [0], [0], [0], [0], [0]]","[[1], [0], [0], [1], [0], [0]]","[[0], [0], [0], [0]]"
20,pTet,pBAD,PsrA,pTet,pBAD,tfSp,"[[0], [0], [0], [0], [0], [0]]","[[1], [0], [0], [1], [0], [0]]","[[0], [0], [0], [0], [0], [0]]","[[1], [0], [0], [1], [0], [0]]","[[0], [0], [0], [0]]"
21,pTet,pBAD,PsrA,pTet,pPsrA,AraC,"[[0], [0], [0], [0], [1], [1]]","[[1], [0], [0], [1], [1], [1]]","[[0], [0], [0], [0], [1], [1]]","[[1], [0], [0], [1], [1], [1]]","[[1], [1], [1], [1]]"
22,pTet,pBAD,PsrA,pTet,pPsrA,PsrA,"[[0, 0], [0, 0], [0, 0], [0, 0], [1, 0], [1, 0]]","[[1], [0], [0], [1], [1], [1]]","[[0, 0], [0, 0], [0, 0], [0, 0], [0, 1], [0, 1]]","[[1], [0], [0], [1], [1], [1]]","[[1, 0], [1], [0, 1], [1]]"
23,pTet,pBAD,PsrA,pTet,pPsrA,tfSp,"[[0], [0], [0], [0], [1], [1]]","[[1], [0], [0], [1], [1], [1]]","[[0], [0], [0], [0], [1], [1]]","[[1], [0], [0], [1], [1], [1]]","[[1], [1], [1], [1]]"
24,pTet,pBAD,PsrA,pTet,pTac,AraC,"[[0], [0], [0], [0], [0], [0]]","[[1], [0], [0], [1], [1], [1]]","[[0], [0], [0], [0], [1], [1]]","[[1], [0], [0], [1], [1], [1]]","[[0], [1], [1], [1]]"
25,pTet,pBAD,PsrA,pTet,pTac,PsrA,"[[0], [0], [0], [0], [0], [0]]","[[1], [0], [0], [1], [1], [1]]","[[0], [0], [0], [0], [1], [1]]","[[1], [0], [0], [1], [1], [1]]","[[0], [1], [1], [1]]"
26,pTet,pBAD,PsrA,pTet,pTac,tfSp,"[[0], [0], [0], [0], [0], [0]]","[[1], [0], [0], [1], [1], [1]]","[[0], [0], [0], [0], [1], [1]]","[[1], [0], [0], [1], [1], [1]]","[[0], [1], [1], [1]]"
27,pTet,pBAD,PsrA,T10,pBAD,AraC,"[[0], [0], [0], [0], [0], [0]]","[[1], [0], [0], [0], [0], [0]]","[[0], [0], [0], [0], [0], [0]]","[[1], [0], [0], [0], [0], [0]]","[[0], [0], [0], [0]]"
28,pTet,pBAD,PsrA,T10,pBAD,PsrA,"[[0], [0], [0], [0], [0], [0]]","[[1], [0], [0], [0], [0], [0]]","[[0], [0], [0], [0], [0], [0]]","[[1], [0], [0], [0], [0], [0]]","[[0], [0], [0], [0]]"
29,pTet,pBAD,PsrA,T10,pBAD,tfSp,"[[0], [0], [0], [0], [0], [0]]","[[1], [0], [0], [0], [0], [0]]","[[0], [0], [0], [0], [0], [0]]","[[1], [0], [0], [0], [0], [0]]","[[0], [0], [0], [0]]"
30,pTet,pBAD,PsrA,T10,pPsrA,AraC,"[[0], [0], [0], [0], [1], [1]]","[[1], [0], [0], [0], [1], [1]]","[[0], [0], [0], [0], [1], [1]]","[[1], [0], [0], [0], [1], [1]]","[[1], [1], [1], [1]]"
31,pTet,pBAD,PsrA,T10,pPsrA,PsrA,"[[0, 0], [0, 0], [0, 0], [0, 0], [1, 0], [1, 0]]","[[1, 1], [0, 0], [0, 0], [0, 0], [0, 1], [0, 1]]","[[0, 0], [0, 0], [0, 0], [0, 0], [1, 0], [1, 0]]","[[1, 1], [0, 0], [0, 0], [0, 0], [0, 1], [0, 1]]","[[1, 0], [0, 1], [1, 0], [0, 1]]"
32,pTet,pBAD,PsrA,T10,pPsrA,tfSp,"[[0], [0], [0], [0], [1], [1]]","[[1], [0], [0], [0], [1], [1]]","[[0], [0], [0], [0], [1], [1]]","[[1], [0], [0], [0], [1], [1]]","[[1], [1], [1], [1]]"
33,pTet,pBAD,PsrA,T10,pTac,AraC,"[[0], [0], [0], [0], [0], [0]]","[[1], [0], [0], [0], [0], [0]]","[[0], [0], [0], [0], [1], [1]]","[[1], [0], [0], [0], [1], [1]]","[[0], [0], [1], [1]]"
34,pTet,pBAD,PsrA,T10,pTac,PsrA,"[[0], [0], [0], [0], [0], [0]]","[[1], [0], [0], [0], [0], [0]]","[[0], [0], [0], [0], [1], [1]]","[[1], [0], [0], [0], [1], [1]]","[[0], [0], [1], [1]]"
35,pTet,pBAD,PsrA,T10,pTac,tfSp,"[[0], [0], [0], [0], [0], [0]]","[[1], [0], [0], [0], [0], [0]]","[[0], [0], [0], [0], [1], [1]]","[[1], [0], [0], [0], [1], [1]]","[[0], [0], [1], [1]]"
36,pTet,pBAD,tfSp,pTet,pBAD,AraC,"[[0], [0], [0], [0], [0], [0]]","[[1], [0], [0], [1], [0], [0]]","[[0], [0], [0], [0], [0], [0]]","[[1], [0], [0], [1], [0], [0]]","[[0], [0], [0], [0]]"
37,pTet,pBAD,tfSp,pTet,pBAD,PsrA,"[[0], [0], [0], [0], [0], [0]]","[[1], [0], [0], [1], [0], [0]]","[[0], [0], [0], [0], [0], [0]]","[[1], [0], [0], [1], [0], [0]]","[[0], [0], [0], [0]]"
38,pTet,pBAD,tfSp,pTet,pBAD,tfSp,"[[0], [0], [0], [0], [0], [0]]","[[1], [0], [0], [1], [0], [0]]","[[0], [0], [0], [0], [0], [0]]","[[1], [0], [0], [1], [0], [0]]","[[0], [0], [0], [0]]"
39,pTet,pBAD,tfSp,pTet,pPsrA,AraC,"[[0], [0], [0], [0], [1], [1]]","[[1], [0], [0], [1], [1], [1]]","[[0], [0], [0], [0], [1], [1]]","[[1], [0], [0], [1], [1], [1]]","[[1], [1], [1], [1]]"
40,pTet,pBAD,tfSp,pTet,pPsrA,PsrA,"[[0, 0], [0, 0], [0, 0], [0, 0], [1, 0], [1, 0]]","[[1], [0], [0], [1], [1], [1]]","[[0, 0], [0, 0], [0, 0], [0, 0], [0, 1], [0, 1]]","[[1], [0], [0], [1], [1], [1]]","[[1, 0], [1], [0, 1], [1]]"
41,pTet,pBAD,tfSp,pTet,pPsrA,tfSp,"[[0], [0], [0], [0], [1], [1]]","[[1], [0], [0], [1], [1], [1]]","[[0], [0], [0], [0], [1], [1]]","[[1], [0], [0], [1], [1], [1]]","[[1], [1], [1], [1]]"
42,pTet,pBAD,tfSp,pTet,pTac,AraC,"[[0], [0], [0], [0], [0], [0]]","[[1], [0], [0], [1], [1], [1]]","[[0], [0], [0], [0], [1], [1]]","[[1], [0], [0], [1], [1], [1]]","[[0], [1], [1], [1]]"
43,pTet,pBAD,tfSp,pTet,pTac,PsrA,"[[0], [0], [0], [0], [0], [0]]","[[1], [0], [0], [1], [1], [1]]","[[0], [0], [0], [0], [1], [1]]","[[1], [0], [0], [1], [1], [1]]","[[0], [1], [1], [1]]"
44,pTet,pBAD,tfSp,pTet,pTac,tfSp,"[[0], [0], [0], [0], [0], [0]]","[[1], [0], [0], [1], [1], [1]]","[[0], [0], [0], [0], [1], [1]]","[[1], [0], [0], [1], [1], [1]]","[[0], [1], [1], [1]]"
45,pTet,pBAD,tfSp,T10,pBAD,AraC,"[[0], [0], [0], [0], [0], [0]]","[[1], [0], [0], [0], [0], [0]]","[[0], [0], [0], [0], [0], [0]]","[[1], [0], [0], [0], [0], [0]]","[[0], [0], [0], [0]]"
46,pTet,pBAD,tfSp,T10,pBAD,PsrA,"[[0], [0], [0], [0], [0], [0]]","[[1], [0], [0], [0], [0], [0]]","[[0], [0], [0], [0], [0], [0]]","[[1], [0], [0], [0], [0], [0]]","[[0], [0], [0], [0]]"
47,pTet,pBAD,tfSp,T10,pBAD,tfSp,"[[0], [0], [0], [0], [0], [0]]","[[1], [0], [0], [0], [0], [0]]","[[0], [0], [0], [0], [0], [0]]","[[1], [0], [0], [0], [0], [0]]","[[0], [0], [0], [0]]"
48,pTet,pBAD,tfSp,T10,pPsrA,AraC,"[[0], [0], [0], [0], [1], [1]]","[[1], [0], [0], [0], [1], [1]]","[[0], [0], [0], [0], [1], [1]]","[[1], [0], [0], [0], [1], [1]]","[[1], [1], [1], [1]]"
49,pTet,pBAD,tfSp,T10,pPsrA,PsrA,"[[0, 0], [0, 0], [0, 0], [0, 0], [1, 0], [1, 0]]","[[1, 1], [0, 0], [0, 0], [0, 0], [0, 1], [0, 1]]","[[0, 0], [0, 0], [0, 0], [0, 0], [1, 0], [1, 0]]","[[1, 1], [0, 0], [0, 0], [0, 0], [0, 1], [0, 1]]","[[1, 0], [0, 1], [1, 0], [0, 1]]"
50,pTet,pBAD,tfSp,T10,pPsrA,tfSp,"[[0], [0], [0], [0], [1], [1]]","[[1], [0], [0], [0], [1], [1]]","[[0], [0], [0], [0], [1], [1]]","[[1], [0], [0], [0], [1], [1]]","[[1], [1], [1], [1]]"
51,pTet,pBAD,tfSp,T10,pTac,AraC,"[[0], [0], [0], [0], [0], [0]]","[[1], [0], [0], [0], [0], [0]]","[[0], [0], [0], [0], [1], [1]]","[[1], [0], [0], [0], [1], [1]]","[[0], [0], [1], [1]]"
52,pTet,pBAD,tfSp,T10,pTac,PsrA,"[[0], [0], [0], [0], [0], [0]]","[[1], [0], [0], [0], [0], [0]]","[[0], [0], [0], [0], [1], [1]]","[[1], [0], [0], [0], [1], [1]]","[[0], [0], [1], [1]]"
53,pTet,pBAD,tfSp,T10,pTac,tfSp,"[[0], [0], [0], [0], [0], [0]]","[[1], [0], [0], [0], [0], [0]]","[[0], [0], [0], [0], [1], [1]]","[[1], [0], [0], [0], [1], [1]]","[[0], [0], [1], [1]]"
54,pTet,pPsrA,AraC,pTet,pBAD,AraC,"[[0], [1], [1], [1], [0], [0]]","[[1], [1], [1], [1], [0], [0]]","[[0], [1], [1], [1], [0], [0]]","[[1], [1], [1], [1], [0], [0]]","[[0], [0], [0], [0]]"
55,pTet,pPsrA,AraC,pTet,pBAD,PsrA,"[[0], [1], [1], [1], [0], [0]]","[[1], [1], [1], [1], [0], [0]]","[[0], [1], [1], [1], [0], [0]]","[[1], [1], [1], [1], [0], [0]]","[[0], [0], [0], [0]]"
56,pTet,pPsrA,AraC,pTet,pBAD,tfSp,"[[0], [1], [1], [1], [0], [0]]","[[1], [1], [1], [1], [0], [0]]","[[0], [1], [1], [1], [0], [0]]","[[1], [1], [1], [1], [0], [0]]","[[0], [0], [0], [0]]"
57,pTet,pPsrA,AraC,pTet,pPsrA,AraC,"[[0], [1], [1], [1], [1], [1]]","[[1], [1], [1], [1], [1], [1]]","[[0], [1], [1], [1], [1], [1]]","[[1], [1], [1], [1], [1], [1]]","[[1], [1], [1], [1]]"
58,pTet,pPsrA,AraC,pTet,pPsrA,PsrA,"[[0, 0], [1, 0], [1, 0], [1, 0], [1, 0], [1, 0]]","[[1], [1], [1], [1], [1], [1]]","[[0, 0], [0, 1], [0, 1], [0, 1], [0, 1], [0, 1]]","[[1], [1], [1], [1], [1], [1]]","[[1, 0], [1], [0, 1], [1]]"
59,pTet,pPsrA,AraC,pTet,pPsrA,tfSp,"[[0], [1], [1], [1], [1], [1]]","[[1], [1], [1], [1], [1], [1]]","[[0], [1], [1], [1], [1], [1]]","[[1], [1], [1], [1], [1], [1]]","[[1], [1], [1], [1]]"
60,pTet,pPsrA,AraC,pTet,pTac,AraC,"[[0], [1], [1], [1], [1], [1]]","[[1], [1], [1], [1], [1], [1]]","[[0], [1], [1], [1], [1], [1]]","[[1], [1], [1], [1], [1], [1]]","[[1], [1], [1], [1]]"
61,pTet,pPsrA,AraC,pTet,pTac,PsrA,"[[0, 0], [1, 0], [1, 0], [1, 0], [1, 0], [1, 0]]","[[1], [1], [1], [1], [1], [1]]","[[0], [0], [0], [0], [1], [1]]","[[1], [1], [1], [1], [1], [1]]","[[1, 0], [1], [1], [1]]"
62,pTet,pPsrA,AraC,pTet,pTac,tfSp,"[[0], [1], [1], [1], [1], [1]]","[[1], [1], [1], [1], [1], [1]]","[[0], [1], [1], [1], [1], [1]]","[[1], [1], [1], [1], [1], [1]]","[[1], [1], [1], [1]]"
63,pTet,pPsrA,AraC,T10,pBAD,AraC,"[[0], [1], [1], [0], [0], [0]]","[[1], [1], [1], [0], [0], [0]]","[[0], [1], [1], [0], [0], [0]]","[[1], [1], [1], [0], [0], [0]]","[[0], [0], [0], [0]]"
64,pTet,pPsrA,AraC,T10,pBAD,PsrA,"[[0], [1], [1], [0], [0], [0]]","[[1], [1], [1], [0], [0], [0]]","[[0], [1], [1], [0], [0], [0]]","[[1], [1], [1], [0], [0], [0]]","[[0], [0], [0], [0]]"
65,pTet,pPsrA,AraC,T10,pBAD,tfSp,"[[0], [1], [1], [0], [0], [0]]","[[1], [1], [1], [0], [0], [0]]","[[0], [1], [1], [0], [0], [0]]","[[1], [1], [1], [0], [0], [0]]","[[0], [0], [0], [0]]"
66,pTet,pPsrA,AraC,T10,pPsrA,AraC,"[[0], [1], [1], [0], [1], [1]]","[[1], [1], [1], [0], [1], [1]]","[[0], [1], [1], [0], [1], [1]]","[[1], [1], [1], [0], [1], [1]]","[[1], [1], [1], [1]]"
67,pTet,pPsrA,AraC,T10,pPsrA,PsrA,"[[0, 0], [1, 0], [1, 0], [0, 0], [1, 0], [1, 0]]","[[1, 1], [1, 1], [1, 1], [0, 0], [0, 1], [0, 1]]","[[0, 0], [1, 0], [1, 0], [0, 0], [1, 0], [1, 0]]","[[1, 1], [1, 1], [1, 1], [0, 0], [0, 1], [0, 1]]","[[1, 0], [0, 1], [1, 0], [0, 1]]"
68,pTet,pPsrA,AraC,T10,pPsrA,tfSp,"[[0], [1], [1], [0], [1], [1]]","[[1], [1], [1], [0], [1], [1]]","[[0], [1], [1], [0], [1], [1]]","[[1], [1], [1], [0], [1], [1]]","[[1], [1], [1], [1]]"
69,pTet,pPsrA,AraC,T10,pTac,AraC,"[[0], [1], [1], [0], [0], [0]]","[[1], [1], [1], [0], [0], [0]]","[[0], [1], [1], [0], [1], [1]]","[[1], [1], [1], [0], [1], [1]]","[[0], [0], [1], [1]]"
70,pTet,pPsrA,AraC,T10,pTac,PsrA,"[[0], [1], [1], [0], [0], [0]]","[[1], [1], [1], [0], [0], [0]]","[[0], [0], [0], [0], [1], [1]]","[[1], [1], [1], [0], [1], [1]]","[[0], [0], [1], [1]]"
71,pTet,pPsrA,AraC,T10,pTac,tfSp,"[[0], [1], [1], [0], [0], [0]]","[[1], [1], [1], [0], [0], [0]]","[[0], [1], [1], [0], [1], [1]]","[[1], [1], [1], [0], [1], [1]]","[[0], [0], [1], [1]]"
72,pTet,pPsrA,PsrA,pTet,pBAD,AraC,"[[0, 0], [1, 0], [1, 0], [1, 0], [0, 0], [0, 0]]","[[1], [1], [1], [1], [0], [0]]","[[0, 0], [0, 1], [0, 1], [0, 1], [0, 0], [0, 0]]","[[1], [1], [1], [1], [0], [0]]","[[0], [0], [0], [0]]"
73,pTet,pPsrA,PsrA,pTet,pBAD,PsrA,"[[0, 0], [1, 0], [1, 0], [1, 0], [0, 0], [0, 0]]","[[1], [1], [1], [1], [0], [0]]","[[0, 0], [0, 1], [0, 1], [0, 1], [0, 0], [0, 0]]","[[1], [1], [1], [1], [0], [0]]","[[0], [0], [0], [0]]"
74,pTet,pPsrA,PsrA,pTet,pBAD,tfSp,"[[0, 0], [1, 0], [1, 0], [1, 0], [0, 0], [0, 0]]","[[1], [1], [1], [1], [0], [0]]","[[0, 0], [0, 1], [0, 1], [0, 1], [0, 0], [0, 0]]","[[1], [1], [1], [1], [0], [0]]","[[0], [0], [0], [0]]"
75,pTet,pPsrA,PsrA,pTet,pPsrA,AraC,"[[0, 0], [1, 0], [1, 0], [1, 0], [1, 1], [1, 1]]","[[1], [1], [1], [1], [1], [1]]","[[0, 0], [0, 1], [0, 1], [0, 1], [1, 1], [1, 1]]","[[1], [1], [1], [1], [1], [1]]","[[1], [1], [1], [1]]"
76,pTet,pPsrA,PsrA,pTet,pPsrA,PsrA,"[[0, 0], [1, 0], [1, 0], [1, 0], [1, 0], [1, 0]]","[[1], [1], [1], [1], [1], [1]]","[[0, 0], [0, 1], [0, 1], [0, 1], [0, 1], [0, 1]]","[[1], [1], [1], [1], [1], [1]]","[[1, 0], [1], [0, 1], [1]]"
77,pTet,pPsrA,PsrA,pTet,pPsrA,tfSp,"[[0, 0], [1, 0], [1, 0], [1, 0], [1, 1], [1, 1]]","[[1], [1], [1], [1], [1], [1]]","[[0, 0], [0, 1], [0, 1], [0, 1], [1, 1], [1, 1]]","[[1], [1], [1], [1], [1], [1]]","[[1], [1], [1], [1]]"
78,pTet,pPsrA,PsrA,pTet,pTac,AraC,"[[0, 0], [1, 0], [1, 0], [1, 0], [1, 0], [1, 0]]","[[1], [1], [1], [1], [1], [1]]","[[0, 0], [0, 1], [0, 1], [0, 1], [1, 1], [1, 1]]","[[1], [1], [1], [1], [1], [1]]","[[1, 0], [1], [1], [1]]"
79,pTet,pPsrA,PsrA,pTet,pTac,PsrA,"[[0, 0], [1, 0], [1, 0], [1, 0], [1, 0], [1, 0]]","[[1], [1], [1], [1], [1], [1]]","[[0], [0], [0], [0], [1], [1]]","[[1], [1], [1], [1], [1], [1]]","[[1, 0], [1], [1], [1]]"
80,pTet,pPsrA,PsrA,pTet,pTac,tfSp,"[[0, 0], [1, 0], [1, 0], [1, 0], [1, 0], [1, 0]]","[[1], [1], [1], [1], [1], [1]]","[[0, 0], [0, 1], [0, 1], [0, 1], [1, 1], [1, 1]]","[[1], [1], [1], [1], [1], [1]]","[[1, 0], [1], [1], [1]]"
81,pTet,pPsrA,PsrA,T10,pBAD,AraC,"[[0, 0], [1, 0], [1, 0], [0, 0], [0, 0], [0, 0]]","[[1], [1], [1], [0], [0], [0]]","[[0, 0], [0, 1], [0, 1], [0, 0], [0, 0], [0, 0]]","[[1], [1], [1], [0], [0], [0]]","[[0], [0], [0], [0]]"
82,pTet,pPsrA,PsrA,T10,pBAD,PsrA,"[[0, 0], [1, 0], [1, 0], [0, 0], [0, 0], [0, 0]]","[[1], [1], [1], [0], [0], [0]]","[[0, 0], [0, 1], [0, 1], [0, 0], [0, 0], [0, 0]]","[[1], [1], [1], [0], [0], [0]]","[[0], [0], [0], [0]]"
83,pTet,pPsrA,PsrA,T10,pBAD,tfSp,"[[0, 0], [1, 0], [1, 0], [0, 0], [0, 0], [0, 0]]","[[1], [1], [1], [0], [0], [0]]","[[0, 0], [0, 1], [0, 1], [0, 0], [0, 0], [0, 0]]","[[1], [1], [1], [0], [0], [0]]","[[0], [0], [0], [0]]"
84,pTet,pPsrA,PsrA,T10,pPsrA,AraC,"[[0, 0], [1, 0], [1, 0], [0, 0], [0, 1], [0, 1]]","[[1], [1], [1], [0], [0], [0]]","[[0, 0], [0, 1], [0, 1], [0, 0], [1, 0], [1, 0]]","[[1], [1], [1], [0], [0], [0]]","[[0, 1], [0], [1, 0], [0]]"
85,pTet,pPsrA,PsrA,T10,pPsrA,PsrA,"[[0, 0, 0], [1, 0, 0], [1, 0, 0], [0, 0, 0], [0, 1, 0], [0, 1, 0]]","[[1], [1], [1], [0], [0], [0]]","[[0, 0, 0], [0, 0, 1], [0, 0, 1], [0, 0, 0], [1, 0, 0], [1, 0, 0]]","[[1], [1], [1], [0], [0], [0]]","[[0], [0], [1, 0, 0], [0]]"
86,pTet,pPsrA,PsrA,T10,pPsrA,tfSp,"[[0, 0], [1, 0], [1, 0], [0, 0], [0, 1], [0, 1]]","[[1], [1], [1], [0], [0], [0]]","[[0, 0], [0, 1], [0, 1], [0, 0], [1, 0], [1, 0]]","[[1], [1], [1], [0], [0], [0]]","[[0, 1], [0], [1, 0], [0]]"
87,pTet,pPsrA,PsrA,T10,pTac,AraC,"[[0, 0], [1, 0], [1, 0], [0, 0], [0, 0], [0, 0]]","[[1], [1], [1], [0], [0], [0]]","[[0, 0], [0, 1], [0, 1], [0, 0], [1, 1], [1, 1]]","[[1], [1], [1], [0], [1], [1]]","[[0], [0], [1], [1]]"
88,pTet,pPsrA,PsrA,T10,pTac,PsrA,"[[0, 0], [1, 0], [1, 0], [0, 0], [0, 0], [0, 0]]","[[1], [1], [1], [0], [0], [0]]","[[0], [0], [0], [0], [1], [1]]","[[1], [1], [1], [0], [1], [1]]","[[0], [0], [1], [1]]"
89,pTet,pPsrA,PsrA,T10,pTac,tfSp,"[[0, 0], [1, 0], [1, 0], [0, 0], [0, 0], [0, 0]]","[[1], [1], [1], [0], [0], [0]]","[[0, 0], [0, 1], [0, 1], [0, 0], [1, 1], [1, 1]]","[[1], [1], [1], [0], [1], [1]]","[[0], [0], [1], [1]]"
90,pTet,pPsrA,tfSp,pTet,pBAD,AraC,"[[0], [1], [1], [1], [0], [0]]","[[1], [1], [1], [1], [0], [0]]","[[0], [1], [1], [1], [0], [0]]","[[1], [1], [1], [1], [0], [0]]","[[0], [0], [0], [0]]"
91,pTet,pPsrA,tfSp,pTet,pBAD,PsrA,"[[0], [1], [1], [1], [0], [0]]","[[1], [1], [1], [1], [0], [0]]","[[0], [1], [1], [1], [0], [0]]","[[1], [1], [1], [1], [0], [0]]","[[0], [0], [0], [0]]"
92,pTet,pPsrA,tfSp,pTet,pBAD,tfSp,"[[0], [1], [1], [1], [0], [0]]","[[1], [1], [1], [1], [0], [0]]","[[0], [1], [1], [1], [0], [0]]","[[1], [1], [1], [1], [0], [0]]","[[0], [0], [0], [0]]"
93,pTet,pPsrA,tfSp,pTet,pPsrA,AraC,"[[0], [1], [1], [1], [1], [1]]","[[1], [1], [1], [1], [1], [1]]","[[0], [1], [1], [1], [1], [1]]","[[1], [1], [1], [1], [1], [1]]","[[1], [1], [1], [1]]"
94,pTet,pPsrA,tfSp,pTet,pPsrA,PsrA,"[[0, 0], [1, 0], [1, 0], [1, 0], [1, 0], [1, 0]]","[[1], [1], [1], [1], [1], [1]]","[[0, 0], [0, 1], [0, 1], [0, 1], [0, 1], [0, 1]]","[[1], [1], [1], [1], [1], [1]]","[[1, 0], [1], [0, 1], [1]]"
95,pTet,pPsrA,tfSp,pTet,pPsrA,tfSp,"[[0], [1], [1], [1], [1], [1]]","[[1], [1], [1], [1], [1], [1]]","[[0], [1], [1], [1], [1], [1]]","[[1], [1], [1], [1], [1], [1]]","[[1], [1], [1], [1]]"
96,pTet,pPsrA,tfSp,pTet,pTac,AraC,"[[0], [1], [1], [1], [1], [1]]","[[1], [1], [1], [1], [1], [1]]","[[0], [1], [1], [1], [1], [1]]","[[1], [1], [1], [1], [1], [1]]","[[1], [1], [1], [1]]"
97,pTet,pPsrA,tfSp,pTet,pTac,PsrA,"[[0, 0], [1, 0], [1, 0], [1, 0], [1, 0], [1, 0]]","[[1], [1], [1], [1], [1], [1]]","[[0], [0], [0], [0], [1], [1]]","[[1], [1], [1], [1], [1], [1]]","[[1, 0], [1], [1], [1]]"
98,pTet,pPsrA,tfSp,pTet,pTac,tfSp,"[[0], [1], [1], [1], [1], [1]]","[[1], [1], [1], [1], [1], [1]]","[[0], [1], [1], [1], [1], [1]]","[[1], [1], [1], [1], [1], [1]]","[[1], [1], [1], [1]]"
99,pTet,pPsrA,tfSp,T10,pBAD,AraC,"[[0], [1], [1], [0], [0], [0]]","[[1], [1], [1], [0], [0], [0]]","[[0], [1], [1], [0], [0], [0]]","[[1], [1], [1], [0], [0], [0]]","[[0], [0], [0], [0]]"
100,pTet,pPsrA,tfSp,T10,pBAD,PsrA,"[[0], [1], [1], [0], [0], [0]]","[[1], [1], [1], [0], [0], [0]]","[[0], [1], [1], [0], [0], [0]]","[[1], [1], [1], [0], [0], [0]]","[[0], [0], [0], [0]]"
101,pTet,pPsrA,tfSp,T10,pBAD,tfSp,"[[0], [1], [1], [0], [0], [0]]","[[1], [1], [1], [0], [0], [0]]","[[0], [1], [1], [0], [0], [0]]","[[1], [1], [1], [0], [0], [0]]","[[0], [0], [0], [0]]"
102,pTet,pPsrA,tfSp,T10,pPsrA,AraC,"[[0], [1], [1], [0], [1], [1]]","[[1], [1], [1], [0], [1], [1]]","[[0], [1], [1], [0], [1], [1]]","[[1], [1], [1], [0], [1], [1]]","[[1], [1], [1], [1]]"
103,pTet,pPsrA,tfSp,T10,pPsrA,PsrA,"[[0, 0], [1, 0], [1, 0], [0, 0], [1, 0], [1, 0]]","[[1, 1], [1, 1], [1, 1], [0, 0], [0, 1], [0, 1]]","[[0, 0], [1, 0], [1, 0], [0, 0], [1, 0], [1, 0]]","[[1, 1], [1, 1], [1, 1], [0, 0], [0, 1], [0, 1]]","[[1, 0], [0, 1], [1, 0], [0, 1]]"
104,pTet,pPsrA,tfSp,T10,pPsrA,tfSp,"[[0], [1], [1], [0], [1], [1]]","[[1], [1], [1], [0], [1], [1]]","[[0], [1], [1], [0], [1], [1]]","[[1], [1], [1], [0], [1], [1]]","[[1], [1], [1], [1]]"
105,pTet,pPsrA,tfSp,T10,pTac,AraC,"[[0], [1], [1], [0], [0], [0]]","[[1], [1], [1], [0], [0], [0]]","[[0], [1], [1], [0], [1], [1]]","[[1], [1], [1], [0], [1], [1]]","[[0], [0], [1], [1]]"
106,pTet,pPsrA,tfSp,T10,pTac,PsrA,"[[0], [1], [1], [0], [0], [0]]","[[1], [1], [1], [0], [0], [0]]","[[0], [0], [0], [0], [1], [1]]","[[1], [1], [1], [0], [1], [1]]","[[0], [0], [1], [1]]"
107,pTet,pPsrA,tfSp,T10,pTac,tfSp,"[[0], [1], [1], [0], [0], [0]]","[[1], [1], [1], [0], [0], [0]]","[[0], [1], [1], [0], [1], [1]]","[[1], [1], [1], [0], [1], [1]]","[[0], [0], [1], [1]]"
108,pTet,pTac,AraC,pTet,pBAD,AraC,"[[0], [0], [0], [0], [0], [0]]","[[1], [1], [1], [1], [0], [0]]","[[0], [1], [1], [1], [0], [0]]","[[1], [1], [1], [1], [0], [0]]","[[0], [0], [0], [0]]"
109,pTet,pTac,AraC,pTet,pBAD,PsrA,"[[0], [0], [0], [0], [0], [0]]","[[1], [1], [1], [1], [0], [0]]","[[0], [1], [1], [1], [0], [0]]","[[1], [1], [1], [1], [0], [0]]","[[0], [0], [0], [0]]"
110,pTet,pTac,AraC,pTet,pBAD,tfSp,"[[0], [0], [0], [0], [0], [0]]","[[1], [1], [1], [1], [0], [0]]","[[0], [1], [1], [1], [0], [0]]","[[1], [1], [1], [1], [0], [0]]","[[0], [0], [0], [0]]"
111,pTet,pTac,AraC,pTet,pPsrA,AraC,"[[0], [0], [0], [0], [1], [1]]","[[1], [1], [1], [1], [1], [1]]","[[0], [1], [1], [1], [1], [1]]","[[1], [1], [1], [1], [1], [1]]","[[1], [1], [1], [1]]"
112,pTet,pTac,AraC,pTet,pPsrA,PsrA,"[[0, 0], [0, 0], [0, 0], [0, 0], [1, 0], [1, 0]]","[[1], [1], [1], [1], [1], [1]]","[[0], [1], [1], [1], [1], [1]]","[[1], [1], [1], [1], [1], [1]]","[[1, 0], [1], [1], [1]]"
113,pTet,pTac,AraC,pTet,pPsrA,tfSp,"[[0], [0], [0], [0], [1], [1]]","[[1], [1], [1], [1], [1], [1]]","[[0], [1], [1], [1], [1], [1]]","[[1], [1], [1], [1], [1], [1]]","[[1], [1], [1], [1]]"
114,pTet,pTac,AraC,pTet,pTac,AraC,"[[0], [0], [0], [0], [0], [0]]","[[1], [1], [1], [1], [1], [1]]","[[0], [1], [1], [1], [1], [1]]","[[1], [1], [1], [1], [1], [1]]","[[0], [1], [1], [1]]"
115,pTet,pTac,AraC,pTet,pTac,PsrA,"[[0], [0], [0], [0], [0], [0]]","[[1], [1], [1], [1], [1], [1]]","[[0], [1], [1], [1], [1], [1]]","[[1], [1], [1], [1], [1], [1]]","[[0], [1], [1], [1]]"
116,pTet,pTac,AraC,pTet,pTac,tfSp,"[[0], [0], [0], [0], [0], [0]]","[[1], [1], [1], [1], [1], [1]]","[[0], [1], [1], [1], [1], [1]]","[[1], [1], [1], [1], [1], [1]]","[[0], [1], [1], [1]]"
117,pTet,pTac,AraC,T10,pBAD,AraC,"[[0], [0], [0], [0], [0], [0]]","[[1], [1], [1], [0], [0], [0]]","[[0], [1], [1], [0], [0], [0]]","[[1], [1], [1], [0], [0], [0]]","[[0], [0], [0], [0]]"
118,pTet,pTac,AraC,T10,pBAD,PsrA,"[[0], [0], [0], [0], [0], [0]]","[[1], [1], [1], [0], [0], [0]]","[[0], [1], [1], [0], [0], [0]]","[[1], [1], [1], [0], [0], [0]]","[[0], [0], [0], [0]]"
119,pTet,pTac,AraC,T10,pBAD,tfSp,"[[0], [0], [0], [0], [0], [0]]","[[1], [1], [1], [0], [0], [0]]","[[0], [1], [1], [0], [0], [0]]","[[1], [1], [1], [0], [0], [0]]","[[0], [0], [0], [0]]"
120,pTet,pTac,AraC,T10,pPsrA,AraC,"[[0], [0], [0], [0], [1], [1]]","[[1], [1], [1], [0], [1], [1]]","[[0], [1], [1], [0], [1], [1]]","[[1], [1], [1], [0], [1], [1]]","[[1], [1], [1], [1]]"
121,pTet,pTac,AraC,T10,pPsrA,PsrA,"[[0, 0], [0, 0], [0, 0], [0, 0], [1, 0], [1, 0]]","[[1, 1], [1, 1], [1, 1], [0, 0], [0, 1], [0, 1]]","[[0, 0], [1, 1], [1, 1], [0, 0], [1, 0], [1, 0]]","[[1, 1], [1, 1], [1, 1], [0, 0], [0, 1], [0, 1]]","[[1, 0], [0, 1], [1, 0], [0, 1]]"
122,pTet,pTac,AraC,T10,pPsrA,tfSp,"[[0], [0], [0], [0], [1], [1]]","[[1], [1], [1], [0], [1], [1]]","[[0], [1], [1], [0], [1], [1]]","[[1], [1], [1], [0], [1], [1]]","[[1], [1], [1], [1]]"
123,pTet,pTac,AraC,T10,pTac,AraC,"[[0], [0], [0], [0], [0], [0]]","[[1], [1], [1], [0], [0], [0]]","[[0], [1], [1], [0], [1], [1]]","[[1], [1], [1], [0], [1], [1]]","[[0], [0], [1], [1]]"
124,pTet,pTac,AraC,T10,pTac,PsrA,"[[0], [0], [0], [0], [0], [0]]","[[1], [1], [1], [0], [0], [0]]","[[0], [1], [1], [0], [1], [1]]","[[1], [1], [1], [0], [1], [1]]","[[0], [0], [1], [1]]"
125,pTet,pTac,AraC,T10,pTac,tfSp,"[[0], [0], [0], [0], [0], [0]]","[[1], [1], [1], [0], [0], [0]]","[[0], [1], [1], [0], [1], [1]]","[[1], [1], [1], [0], [1], [1]]","[[0], [0], [1], [1]]"
126,pTet,pTac,PsrA,pTet,pBAD,AraC,"[[0], [0], [0], [0], [0], [0]]","[[1], [1], [1], [1], [0], [0]]","[[0], [1], [1], [1], [0], [0]]","[[1], [1], [1], [1], [0], [0]]","[[0], [0], [0], [0]]"
127,pTet,pTac,PsrA,pTet,pBAD,PsrA,"[[0], [0], [0], [0], [0], [0]]","[[1], [1], [1], [1], [0], [0]]","[[0], [1], [1], [1], [0], [0]]","[[1], [1], [1], [1], [0], [0]]","[[0], [0], [0], [0]]"
128,pTet,pTac,PsrA,pTet,pBAD,tfSp,"[[0], [0], [0], [0], [0], [0]]","[[1], [1], [1], [1], [0], [0]]","[[0], [1], [1], [1], [0], [0]]","[[1], [1], [1], [1], [0], [0]]","[[0], [0], [0], [0]]"
129,pTet,pTac,PsrA,pTet,pPsrA,AraC,"[[0], [0], [0], [0], [1], [1]]","[[1], [1], [1], [1], [1], [1]]","[[0], [1], [1], [1], [1], [1]]","[[1], [1], [1], [1], [1], [1]]","[[1], [1], [1], [1]]"
130,pTet,pTac,PsrA,pTet,pPsrA,PsrA,"[[0, 0], [0, 0], [0, 0], [0, 0], [1, 0], [1, 0]]","[[1], [1], [1], [1], [1], [1]]","[[0], [1], [1], [1], [1], [1]]","[[1], [1], [1], [1], [1], [1]]","[[1, 0], [1], [1], [1]]"
131,pTet,pTac,PsrA,pTet,pPsrA,tfSp,"[[0], [0], [0], [0], [1], [1]]","[[1], [1], [1], [1], [1], [1]]","[[0], [1], [1], [1], [1], [1]]","[[1], [1], [1], [1], [1], [1]]","[[1], [1], [1], [1]]"
132,pTet,pTac,PsrA,pTet,pTac,AraC,"[[0], [0], [0], [0], [0], [0]]","[[1], [1], [1], [1], [1], [1]]","[[0], [1], [1], [1], [1], [1]]","[[1], [1], [1], [1], [1], [1]]","[[0], [1], [1], [1]]"
133,pTet,pTac,PsrA,pTet,pTac,PsrA,"[[0], [0], [0], [0], [0], [0]]","[[1], [1], [1], [1], [1], [1]]","[[0], [1], [1], [1], [1], [1]]","[[1], [1], [1], [1], [1], [1]]","[[0], [1], [1], [1]]"
134,pTet,pTac,PsrA,pTet,pTac,tfSp,"[[0], [0], [0], [0], [0], [0]]","[[1], [1], [1], [1], [1], [1]]","[[0], [1], [1], [1], [1], [1]]","[[1], [1], [1], [1], [1], [1]]","[[0], [1], [1], [1]]"
135,pTet,pTac,PsrA,T10,pBAD,AraC,"[[0], [0], [0], [0], [0], [0]]","[[1], [1], [1], [0], [0], [0]]","[[0], [1], [1], [0], [0], [0]]","[[1], [1], [1], [0], [0], [0]]","[[0], [0], [0], [0]]"
136,pTet,pTac,PsrA,T10,pBAD,PsrA,"[[0], [0], [0], [0], [0], [0]]","[[1], [1], [1], [0], [0], [0]]","[[0], [1], [1], [0], [0], [0]]","[[1], [1], [1], [0], [0], [0]]","[[0], [0], [0], [0]]"
137,pTet,pTac,PsrA,T10,pBAD,tfSp,"[[0], [0], [0], [0], [0], [0]]","[[1], [1], [1], [0], [0], [0]]","[[0], [1], [1], [0], [0], [0]]","[[1], [1], [1], [0], [0], [0]]","[[0], [0], [0], [0]]"
138,pTet,pTac,PsrA,T10,pPsrA,AraC,"[[0], [0], [0], [0], [1], [1]]","[[1], [1], [1], [0], [0], [0]]","[[0], [1], [1], [0], [0], [0]]","[[1], [1], [1], [0], [0], [0]]","[[1], [0], [0], [0]]"
139,pTet,pTac,PsrA,T10,pPsrA,PsrA,"[[0, 0], [0, 0], [0, 0], [0, 0], [1, 0], [1, 0]]","[[1], [1], [1], [0], [0], [0]]","[[0], [1], [1], [0], [0], [0]]","[[1], [1], [1], [0], [0], [0]]","[[1, 0], [0], [0], [0]]"
140,pTet,pTac,PsrA,T10,pPsrA,tfSp,"[[0], [0], [0], [0], [1], [1]]","[[1], [1], [1], [0], [0], [0]]","[[0], [1], [1], [0], [0], [0]]","[[1], [1], [1], [0], [0], [0]]","[[1], [0], [0], [0]]"
141,pTet,pTac,PsrA,T10,pTac,AraC,"[[0], [0], [0], [0], [0], [0]]","[[1], [1], [1], [0], [0], [0]]","[[0], [1], [1], [0], [1], [1]]","[[1], [1], [1], [0], [1], [1]]","[[0], [0], [1], [1]]"
142,pTet,pTac,PsrA,T10,pTac,PsrA,"[[0], [0], [0], [0], [0], [0]]","[[1], [1], [1], [0], [0], [0]]","[[0], [1], [1], [0], [1], [1]]","[[1], [1], [1], [0], [1], [1]]","[[0], [0], [1], [1]]"
143,pTet,pTac,PsrA,T10,pTac,tfSp,"[[0], [0], [0], [0], [0], [0]]","[[1], [1], [1], [0], [0], [0]]","[[0], [1], [1], [0], [1], [1]]","[[1], [1], [1], [0], [1], [1]]","[[0], [0], [1], [1]]"
144,pTet,pTac,tfSp,pTet,pBAD,AraC,"[[0], [0], [0], [0], [0], [0]]","[[1], [1], [1], [1], [0], [0]]","[[0], [1], [1], [1], [0], [0]]","[[1], [1], [1], [1], [0], [0]]","[[0], [0], [0], [0]]"
145,pTet,pTac,tfSp,pTet,pBAD,PsrA,"[[0], [0], [0], [0], [0], [0]]","[[1], [1], [1], [1], [0], [0]]","[[0], [1], [1], [1], [0], [0]]","[[1], [1], [1], [1], [0], [0]]","[[0], [0], [0], [0]]"
146,pTet,pTac,tfSp,pTet,pBAD,tfSp,"[[0], [0], [0], [0], [0], [0]]","[[1], [1], [1], [1], [0], [0]]","[[0], [1], [1], [1], [0], [0]]","[[1], [1], [1], [1], [0], [0]]","[[0], [0], [0], [0]]"
147,pTet,pTac,tfSp,pTet,pPsrA,AraC,"[[0], [0], [0], [0], [1], [1]]","[[1], [1], [1], [1], [1], [1]]","[[0], [1], [1], [1], [1], [1]]","[[1], [1], [1], [1], [1], [1]]","[[1], [1], [1], [1]]"
148,pTet,pTac,tfSp,pTet,pPsrA,PsrA,"[[0, 0], [0, 0], [0, 0], [0, 0], [1, 0], [1, 0]]","[[1], [1], [1], [1], [1], [1]]","[[0], [1], [1], [1], [1], [1]]","[[1], [1], [1], [1], [1], [1]]","[[1, 0], [1], [1], [1]]"
149,pTet,pTac,tfSp,pTet,pPsrA,tfSp,"[[0], [0], [0], [0], [1], [1]]","[[1], [1], [1], [1], [1], [1]]","[[0], [1], [1], [1], [1], [1]]","[[1], [1], [1], [1], [1], [1]]","[[1], [1], [1], [1]]"
150,pTet,pTac,tfSp,pTet,pTac,AraC,"[[0], [0], [0], [0], [0], [0]]","[[1], [1], [1], [1], [1], [1]]","[[0], [1], [1], [1], [1], [1]]","[[1], [1], [1], [1], [1], [1]]","[[0], [1], [1], [1]]"
151,pTet,pTac,tfSp,pTet,pTac,PsrA,"[[0], [0], [0], [0], [0], [0]]","[[1], [1], [1], [1], [1], [1]]","[[0], [1], [1], [1], [1], [1]]","[[1], [1], [1], [1], [1], [1]]","[[0], [1], [1], [1]]"
152,pTet,pTac,tfSp,pTet,pTac,tfSp,"[[0], [0], [0], [0], [0], [0]]","[[1], [1], [1], [1], [1], [1]]","[[0], [1], [1], [1], [1], [1]]","[[1], [1], [1], [1], [1], [1]]","[[0], [1], [1], [1]]"
153,pTet,pTac,tfSp,T10,pBAD,AraC,"[[0], [0], [0], [0], [0], [0]]","[[1], [1], [1], [0], [0], [0]]","[[0], [1], [1], [0], [0], [0]]","[[1], [1], [1], [0], [0], [0]]","[[0], [0], [0], [0]]"
154,pTet,pTac,tfSp,T10,pBAD,PsrA,"[[0], [0], [0], [0], [0], [0]]","[[1], [1], [1], [0], [0], [0]]","[[0], [1], [1], [0], [0], [0]]","[[1], [1], [1], [0], [0], [0]]","[[0], [0], [0], [0]]"
155,pTet,pTac,tfSp,T10,pBAD,tfSp,"[[0], [0], [0], [0], [0], [0]]","[[1], [1], [1], [0], [0], [0]]","[[0], [1], [1], [0], [0], [0]]","[[1], [1], [1], [0], [0], [0]]","[[0], [0], [0], [0]]"
156,pTet,pTac,tfSp,T10,pPsrA,AraC,"[[0], [0], [0], [0], [1], [1]]","[[1], [1], [1], [0], [1], [1]]","[[0], [1], [1], [0], [1], [1]]","[[1], [1], [1], [0], [1], [1]]","[[1], [1], [1], [1]]"
157,pTet,pTac,tfSp,T10,pPsrA,PsrA,"[[0, 0], [0, 0], [0, 0], [0, 0], [1, 0], [1, 0]]","[[1, 1], [1, 1], [1, 1], [0, 0], [0, 1], [0, 1]]","[[0, 0], [1, 1], [1, 1], [0, 0], [1, 0], [1, 0]]","[[1, 1], [1, 1], [1, 1], [0, 0], [0, 1], [0, 1]]","[[1, 0], [0, 1], [1, 0], [0, 1]]"
158,pTet,pTac,tfSp,T10,pPsrA,tfSp,"[[0], [0], [0], [0], [1], [1]]","[[1], [1], [1], [0], [1], [1]]","[[0], [1], [1], [0], [1], [1]]","[[1], [1], [1], [0], [1], [1]]","[[1], [1], [1], [1]]"
159,pTet,pTac,tfSp,T10,pTac,AraC,"[[0], [0], [0], [0], [0], [0]]","[[1], [1], [1], [0], [0], [0]]","[[0], [1], [1], [0], [1], [1]]","[[1], [1], [1], [0], [1], [1]]","[[0], [0], [1], [1]]"
160,pTet,pTac,tfSp,T10,pTac,PsrA,"[[0], [0], [0], [0], [0], [0]]","[[1], [1], [1], [0], [0], [0]]","[[0], [1], [1], [0], [1], [1]]","[[1], [1], [1], [0], [1], [1]]","[[0], [0], [1], [1]]"
161,pTet,pTac,tfSp,T10,pTac,tfSp,"[[0], [0], [0], [0], [0], [0]]","[[1], [1], [1], [0], [0], [0]]","[[0], [1], [1], [0], [1], [1]]","[[1], [1], [1], [0], [1], [1]]","[[0], [0], [1], [1]]"
162,T10,pBAD,AraC,pTet,pBAD,AraC,"[[0], [0], [0], [0], [0], [0]]","[[0], [0], [0], [1], [0], [0]]","[[0], [0], [0], [0], [0], [0]]","[[0], [0], [0], [1], [0], [0]]","[[0], [0], [0], [0]]"
163,T10,pBAD,AraC,pTet,pBAD,PsrA,"[[0], [0], [0], [0], [0], [0]]","[[0], [0], [0], [1], [0], [0]]","[[0], [0], [0], [0], [0], [0]]","[[0], [0], [0], [1], [0], [0]]","[[0], [0], [0], [0]]"
164,T10,pBAD,AraC,pTet,pBAD,tfSp,"[[0], [0], [0], [0], [0], [0]]","[[0], [0], [0], [1], [0], [0]]","[[0], [0], [0], [0], [0], [0]]","[[0], [0], [0], [1], [0], [0]]","[[0], [0], [0], [0]]"
165,T10,pBAD,AraC,pTet,pPsrA,AraC,"[[0], [0], [0], [0], [1], [1]]","[[0], [0], [0], [1], [1], [1]]","[[0], [0], [0], [0], [1], [1]]","[[0], [0], [0], [1], [1], [1]]","[[1], [1], [1], [1]]"
166,T10,pBAD,AraC,pTet,pPsrA,PsrA,"[[0, 0], [0, 0], [0, 0], [0, 0], [1, 0], [1, 0]]","[[0], [0], [0], [1], [1], [1]]","[[0, 0], [0, 0], [0, 0], [0, 0], [0, 1], [0, 1]]","[[0], [0], [0], [1], [1], [1]]","[[1, 0], [1], [0, 1], [1]]"
167,T10,pBAD,AraC,pTet,pPsrA,tfSp,"[[0], [0], [0], [0], [1], [1]]","[[0], [0], [0], [1], [1], [1]]","[[0], [0], [0], [0], [1], [1]]","[[0], [0], [0], [1], [1], [1]]","[[1], [1], [1], [1]]"
168,T10,pBAD,AraC,pTet,pTac,AraC,"[[0], [0], [0], [0], [0], [0]]","[[0], [0], [0], [1], [1], [1]]","[[0], [0], [0], [0], [1], [1]]","[[0], [0], [0], [1], [1], [1]]","[[0], [1], [1], [1]]"
169,T10,pBAD,AraC,pTet,pTac,PsrA,"[[0], [0], [0], [0], [0], [0]]","[[0], [0], [0], [1], [1], [1]]","[[0], [0], [0], [0], [1], [1]]","[[0], [0], [0], [1], [1], [1]]","[[0], [1], [1], [1]]"
170,T10,pBAD,AraC,pTet,pTac,tfSp,"[[0], [0], [0], [0], [0], [0]]","[[0], [0], [0], [1], [1], [1]]","[[0], [0], [0], [0], [1], [1]]","[[0], [0], [0], [1], [1], [1]]","[[0], [1], [1], [1]]"
171,T10,pBAD,AraC,T10,pBAD,AraC,"[[0], [0], [0], [0], [0], [0]]","[[0], [0], [0], [0], [0], [0]]","[[0], [0], [0], [0], [0], [0]]","[[0], [0], [0], [0], [0], [0]]","[[0], [0], [0], [0]]"
172,T10,pBAD,AraC,T10,pBAD,PsrA,"[[0], [0], [0], [0], [0], [0]]","[[0], [0], [0], [0], [0], [0]]","[[0], [0], [0], [0], [0], [0]]","[[0], [0], [0], [0], [0], [0]]","[[0], [0], [0], [0]]"
173,T10,pBAD,AraC,T10,pBAD,tfSp,"[[0], [0], [0], [0], [0], [0]]","[[0], [0], [0], [0], [0], [0]]","[[0], [0], [0], [0], [0], [0]]","[[0], [0], [0], [0], [0], [0]]","[[0], [0], [0], [0]]"
174,T10,pBAD,AraC,T10,pPsrA,AraC,"[[0], [0], [0], [0], [1], [1]]","[[0], [0], [0], [0], [1], [1]]","[[0], [0], [0], [0], [1], [1]]","[[0], [0], [0], [0], [1], [1]]","[[1], [1], [1], [1]]"
175,T10,pBAD,AraC,T10,pPsrA,PsrA,"[[0, 0], [0, 0], [0, 0], [0, 0], [1, 0], [1, 0]]","[[0, 0], [0, 0], [0, 0], [0, 0], [0, 1], [0, 1]]","[[0, 0], [0, 0], [0, 0], [0, 0], [1, 0], [1, 0]]","[[0, 0], [0, 0], [0, 0], [0, 0], [0, 1], [0, 1]]","[[1, 0], [0, 1], [1, 0], [0, 1]]"
176,T10,pBAD,AraC,T10,pPsrA,tfSp,"[[0], [0], [0], [0], [1], [1]]","[[0], [0], [0], [0], [1], [1]]","[[0], [0], [0], [0], [1], [1]]","[[0], [0], [0], [0], [1], [1]]","[[1], [1], [1], [1]]"
177,T10,pBAD,AraC,T10,pTac,AraC,"[[0], [0], [0], [0], [0], [0]]","[[0], [0], [0], [0], [0], [0]]","[[0], [0], [0], [0], [1], [1]]","[[0], [0], [0], [0], [1], [1]]","[[0], [0], [1], [1]]"
178,T10,pBAD,AraC,T10,pTac,PsrA,"[[0], [0], [0], [0], [0], [0]]","[[0], [0], [0], [0], [0], [0]]","[[0], [0], [0], [0], [1], [1]]","[[0], [0], [0], [0], [1], [1]]","[[0], [0], [1], [1]]"
179,T10,pBAD,AraC,T10,pTac,tfSp,"[[0], [0], [0], [0], [0], [0]]","[[0], [0], [0], [0], [0], [0]]","[[0], [0], [0], [0], [1], [1]]","[[0], [0], [0], [0], [1], [1]]","[[0], [0], [1], [1]]"
180,T10,pBAD,PsrA,pTet,pBAD,AraC,"[[0], [0], [0], [0], [0], [0]]","[[0], [0], [0], [1], [0], [0]]","[[0], [0], [0], [0], [0], [0]]","[[0], [0], [0], [1], [0], [0]]","[[0], [0], [0], [0]]"
181,T10,pBAD,PsrA,pTet,pBAD,PsrA,"[[0], [0], [0], [0], [0], [0]]","[[0], [0], [0], [1], [0], [0]]","[[0], [0], [0], [0], [0], [0]]","[[0], [0], [0], [1], [0], [0]]","[[0], [0], [0], [0]]"
182,T10,pBAD,PsrA,pTet,pBAD,tfSp,"[[0], [0], [0], [0], [0], [0]]","[[0], [0], [0], [1], [0], [0]]","[[0], [0], [0], [0], [0], [0]]","[[0], [0], [0], [1], [0], [0]]","[[0], [0], [0], [0]]"
183,T10,pBAD,PsrA,pTet,pPsrA,AraC,"[[0], [0], [0], [0], [1], [1]]","[[0], [0], [0], [1], [1], [1]]","[[0], [0], [0], [0], [1], [1]]","[[0], [0], [0], [1], [1], [1]]","[[1], [1], [1], [1]]"
184,T10,pBAD,PsrA,pTet,pPsrA,PsrA,"[[0, 0], [0, 0], [0, 0], [0, 0], [1, 0], [1, 0]]","[[0], [0], [0], [1], [1], [1]]","[[0, 0], [0, 0], [0, 0], [0, 0], [0, 1], [0, 1]]","[[0], [0], [0], [1], [1], [1]]","[[1, 0], [1], [0, 1], [1]]"
185,T10,pBAD,PsrA,pTet,pPsrA,tfSp,"[[0], [0], [0], [0], [1], [1]]","[[0], [0], [0], [1], [1], [1]]","[[0], [0], [0], [0], [1], [1]]","[[0], [0], [0], [1], [1], [1]]","[[1], [1], [1], [1]]"
186,T10,pBAD,PsrA,pTet,pTac,AraC,"[[0], [0], [0], [0], [0], [0]]","[[0], [0], [0], [1], [1], [1]]","[[0], [0], [0], [0], [1], [1]]","[[0], [0], [0], [1], [1], [1]]","[[0], [1], [1], [1]]"
187,T10,pBAD,PsrA,pTet,pTac,PsrA,"[[0], [0], [0], [0], [0], [0]]","[[0], [0], [0], [1], [1], [1]]","[[0], [0], [0], [0], [1], [1]]","[[0], [0], [0], [1], [1], [1]]","[[0], [1], [1], [1]]"
188,T10,pBAD,PsrA,pTet,pTac,tfSp,"[[0], [0], [0], [0], [0], [0]]","[[0], [0], [0], [1], [1], [1]]","[[0], [0], [0], [0], [1], [1]]","[[0], [0], [0], [1], [1], [1]]","[[0], [1], [1], [1]]"
189,T10,pBAD,PsrA,T10,pBAD,AraC,"[[0], [0], [0], [0], [0], [0]]","[[0], [0], [0], [0], [0], [0]]","[[0], [0], [0], [0], [0], [0]]","[[0], [0], [0], [0], [0], [0]]","[[0], [0], [0], [0]]"
190,T10,pBAD,PsrA,T10,pBAD,PsrA,"[[0], [0], [0], [0], [0], [0]]","[[0], [0], [0], [0], [0], [0]]","[[0], [0], [0], [0], [0], [0]]","[[0], [0], [0], [0], [0], [0]]","[[0], [0], [0], [0]]"
191,T10,pBAD,PsrA,T10,pBAD,tfSp,"[[0], [0], [0], [0], [0], [0]]","[[0], [0], [0], [0], [0], [0]]","[[0], [0], [0], [0], [0], [0]]","[[0], [0], [0], [0], [0], [0]]","[[0], [0], [0], [0]]"
192,T10,pBAD,PsrA,T10,pPsrA,AraC,"[[0], [0], [0], [0], [1], [1]]","[[0], [0], [0], [0], [1], [1]]","[[0], [0], [0], [0], [1], [1]]","[[0], [0], [0], [0], [1], [1]]","[[1], [1], [1], [1]]"
193,T10,pBAD,PsrA,T10,pPsrA,PsrA,"[[0, 0], [0, 0], [0, 0], [0, 0], [1, 0], [1, 0]]","[[0, 0], [0, 0], [0, 0], [0, 0], [0, 1], [0, 1]]","[[0, 0], [0, 0], [0, 0], [0, 0], [1, 0], [1, 0]]","[[0, 0], [0, 0], [0, 0], [0, 0], [0, 1], [0, 1]]","[[1, 0], [0, 1], [1, 0], [0, 1]]"
194,T10,pBAD,PsrA,T10,pPsrA,tfSp,"[[0], [0], [0], [0], [1], [1]]","[[0], [0], [0], [0], [1], [1]]","[[0], [0], [0], [0], [1], [1]]","[[0], [0], [0], [0], [1], [1]]","[[1], [1], [1], [1]]"
195,T10,pBAD,PsrA,T10,pTac,AraC,"[[0], [0], [0], [0], [0], [0]]","[[0], [0], [0], [0], [0], [0]]","[[0], [0], [0], [0], [1], [1]]","[[0], [0], [0], [0], [1], [1]]","[[0], [0], [1], [1]]"
196,T10,pBAD,PsrA,T10,pTac,PsrA,"[[0], [0], [0], [0], [0], [0]]","[[0], [0], [0], [0], [0], [0]]","[[0], [0], [0], [0], [1], [1]]","[[0], [0], [0], [0], [1], [1]]","[[0], [0], [1], [1]]"
197,T10,pBAD,PsrA,T10,pTac,tfSp,"[[0], [0], [0], [0], [0], [0]]","[[0], [0], [0], [0], [0], [0]]","[[0], [0], [0], [0], [1], [1]]","[[0], [0], [0], [0], [1], [1]]","[[0], [0], [1], [1]]"
198,T10,pBAD,tfSp,pTet,pBAD,AraC,"[[0], [0], [0], [0], [0], [0]]","[[0], [0], [0], [1], [0], [0]]","[[0], [0], [0], [0], [0], [0]]","[[0], [0], [0], [1], [0], [0]]","[[0], [0], [0], [0]]"
199,T10,pBAD,tfSp,pTet,pBAD,PsrA,"[[0], [0], [0], [0], [0], [0]]","[[0], [0], [0], [1], [0], [0]]","[[0], [0], [0], [0], [0], [0]]","[[0], [0], [0], [1], [0], [0]]","[[0], [0], [0], [0]]"
200,T10,pBAD,tfSp,pTet,pBAD,tfSp,"[[0], [0], [0], [0], [0], [0]]","[[0], [0], [0], [1], [0], [0]]","[[0], [0], [0], [0], [0], [0]]","[[0], [0], [0], [1], [0], [0]]","[[0], [0], [0], [0]]"
201,T10,pBAD,tfSp,pTet,pPsrA,AraC,"[[0], [0], [0], [0], [1], [1]]","[[0], [0], [0], [1], [1], [1]]","[[0], [0], [0], [0], [1], [1]]","[[0], [0], [0], [1], [1], [1]]","[[1], [1], [1], [1]]"
202,T10,pBAD,tfSp,pTet,pPsrA,PsrA,"[[0, 0], [0, 0], [0, 0], [0, 0], [1, 0], [1, 0]]","[[0], [0], [0], [1], [1], [1]]","[[0, 0], [0, 0], [0, 0], [0, 0], [0, 1], [0, 1]]","[[0], [0], [0], [1], [1], [1]]","[[1, 0], [1], [0, 1], [1]]"
203,T10,pBAD,tfSp,pTet,pPsrA,tfSp,"[[0], [0], [0], [0], [1], [1]]","[[0], [0], [0], [1], [1], [1]]","[[0], [0], [0], [0], [1], [1]]","[[0], [0], [0], [1], [1], [1]]","[[1], [1], [1], [1]]"
204,T10,pBAD,tfSp,pTet,pTac,AraC,"[[0], [0], [0], [0], [0], [0]]","[[0], [0], [0], [1], [1], [1]]","[[0], [0], [0], [0], [1], [1]]","[[0], [0], [0], [1], [1], [1]]","[[0], [1], [1], [1]]"
205,T10,pBAD,tfSp,pTet,pTac,PsrA,"[[0], [0], [0], [0], [0], [0]]","[[0], [0], [0], [1], [1], [1]]","[[0], [0], [0], [0], [1], [1]]","[[0], [0], [0], [1], [1], [1]]","[[0], [1], [1], [1]]"
206,T10,pBAD,tfSp,pTet,pTac,tfSp,"[[0], [0], [0], [0], [0], [0]]","[[0], [0], [0], [1], [1], [1]]","[[0], [0], [0], [0], [1], [1]]","[[0], [0], [0], [1], [1], [1]]","[[0], [1], [1], [1]]"
207,T10,pBAD,tfSp,T10,pBAD,AraC,"[[0], [0], [0], [0], [0], [0]]","[[0], [0], [0], [0], [0], [0]]","[[0], [0], [0], [0], [0], [0]]","[[0], [0], [0], [0], [0], [0]]","[[0], [0], [0], [0]]"
208,T10,pBAD,tfSp,T10,pBAD,PsrA,"[[0], [0], [0], [0], [0], [0]]","[[0], [0], [0], [0], [0], [0]]","[[0], [0], [0], [0], [0], [0]]","[[0], [0], [0], [0], [0], [0]]","[[0], [0], [0], [0]]"
209,T10,pBAD,tfSp,T10,pBAD,tfSp,"[[0], [0], [0], [0], [0], [0]]","[[0], [0], [0], [0], [0], [0]]","[[0], [0], [0], [0], [0], [0]]","[[0], [0], [0], [0], [0], [0]]","[[0], [0], [0], [0]]"
210,T10,pBAD,tfSp,T10,pPsrA,AraC,"[[0], [0], [0], [0], [1], [1]]","[[0], [0], [0], [0], [1], [1]]","[[0], [0], [0], [0], [1], [1]]","[[0], [0], [0], [0], [1], [1]]","[[1], [1], [1], [1]]"
211,T10,pBAD,tfSp,T10,pPsrA,PsrA,"[[0, 0], [0, 0], [0, 0], [0, 0], [1, 0], [1, 0]]","[[0, 0], [0, 0], [0, 0], [0, 0], [0, 1], [0, 1]]","[[0, 0], [0, 0], [0, 0], [0, 0], [1, 0], [1, 0]]","[[0, 0], [0, 0], [0, 0], [0, 0], [0, 1], [0, 1]]","[[1, 0], [0, 1], [1, 0], [0, 1]]"
212,T10,pBAD,tfSp,T10,pPsrA,tfSp,"[[0], [0], [0], [0], [1], [1]]","[[0], [0], [0], [0], [1], [1]]","[[0], [0], [0], [0], [1], [1]]","[[0], [0], [0], [0], [1], [1]]","[[1], [1], [1], [1]]"
213,T10,pBAD,tfSp,T10,pTac,AraC,"[[0], [0], [0], [0], [0], [0]]","[[0], [0], [0], [0], [0], [0]]","[[0], [0], [0], [0], [1], [1]]","[[0], [0], [0], [0], [1], [1]]","[[0], [0], [1], [1]]"
214,T10,pBAD,tfSp,T10,pTac,PsrA,"[[0], [0], [0], [0], [0], [0]]","[[0], [0], [0], [0], [0], [0]]","[[0], [0], [0], [0], [1], [1]]","[[0], [0], [0], [0], [1], [1]]","[[0], [0], [1], [1]]"
215,T10,pBAD,tfSp,T10,pTac,tfSp,"[[0], [0], [0], [0], [0], [0]]","[[0], [0], [0], [0], [0], [0]]","[[0], [0], [0], [0], [1], [1]]","[[0], [0], [0], [0], [1], [1]]","[[0], [0], [1], [1]]"
216,T10,pPsrA,AraC,pTet,pBAD,AraC,"[[0], [1], [1], [1], [0], [0]]","[[0], [1], [1], [1], [0], [0]]","[[0], [1], [1], [1], [0], [0]]","[[0], [1], [1], [1], [0], [0]]","[[0], [0], [0], [0]]"
217,T10,pPsrA,AraC,pTet,pBAD,PsrA,"[[0], [1], [1], [1], [0], [0]]","[[0], [1], [1], [1], [0], [0]]","[[0], [1], [1], [1], [0], [0]]","[[0], [1], [1], [1], [0], [0]]","[[0], [0], [0], [0]]"
218,T10,pPsrA,AraC,pTet,pBAD,tfSp,"[[0], [1], [1], [1], [0], [0]]","[[0], [1], [1], [1], [0], [0]]","[[0], [1], [1], [1], [0], [0]]","[[0], [1], [1], [1], [0], [0]]","[[0], [0], [0], [0]]"
219,T10,pPsrA,AraC,pTet,pPsrA,AraC,"[[0], [1], [1], [1], [1], [1]]","[[0], [1], [1], [1], [1], [1]]","[[0], [1], [1], [1], [1], [1]]","[[0], [1], [1], [1], [1], [1]]","[[1], [1], [1], [1]]"
220,T10,pPsrA,AraC,pTet,pPsrA,PsrA,"[[0, 0], [1, 0], [1, 0], [1, 0], [1, 0], [1, 0]]","[[0], [0], [0], [1], [1], [1]]","[[0, 0], [0, 1], [0, 1], [0, 1], [0, 1], [0, 1]]","[[0], [0], [0], [1], [1], [1]]","[[1, 0], [1], [0, 1], [1]]"
221,T10,pPsrA,AraC,pTet,pPsrA,tfSp,"[[0], [1], [1], [1], [1], [1]]","[[0], [1], [1], [1], [1], [1]]","[[0], [1], [1], [1], [1], [1]]","[[0], [1], [1], [1], [1], [1]]","[[1], [1], [1], [1]]"
222,T10,pPsrA,AraC,pTet,pTac,AraC,"[[0], [1], [1], [1], [1], [1]]","[[0], [1], [1], [1], [1], [1]]","[[0], [1], [1], [1], [1], [1]]","[[0], [1], [1], [1], [1], [1]]","[[1], [1], [1], [1]]"
223,T10,pPsrA,AraC,pTet,pTac,PsrA,"[[0, 0], [1, 0], [1, 0], [1, 0], [1, 0], [1, 0]]","[[0], [0], [0], [1], [1], [1]]","[[0], [0], [0], [0], [1], [1]]","[[0], [0], [0], [1], [1], [1]]","[[1, 0], [1], [1], [1]]"
224,T10,pPsrA,AraC,pTet,pTac,tfSp,"[[0], [1], [1], [1], [1], [1]]","[[0], [1], [1], [1], [1], [1]]","[[0], [1], [1], [1], [1], [1]]","[[0], [1], [1], [1], [1], [1]]","[[1], [1], [1], [1]]"
225,T10,pPsrA,AraC,T10,pBAD,AraC,"[[0], [1], [1], [0], [0], [0]]","[[0], [1], [1], [0], [0], [0]]","[[0], [1], [1], [0], [0], [0]]","[[0], [1], [1], [0], [0], [0]]","[[0], [0], [0], [0]]"
226,T10,pPsrA,AraC,T10,pBAD,PsrA,"[[0], [1], [1], [0], [0], [0]]","[[0], [1], [1], [0], [0], [0]]","[[0], [1], [1], [0], [0], [0]]","[[0], [1], [1], [0], [0], [0]]","[[0], [0], [0], [0]]"
227,T10,pPsrA,AraC,T10,pBAD,tfSp,"[[0], [1], [1], [0], [0], [0]]","[[0], [1], [1], [0], [0], [0]]","[[0], [1], [1], [0], [0], [0]]","[[0], [1], [1], [0], [0], [0]]","[[0], [0], [0], [0]]"
228,T10,pPsrA,AraC,T10,pPsrA,AraC,"[[0], [1], [1], [0], [1], [1]]","[[0], [1], [1], [0], [1], [1]]","[[0], [1], [1], [0], [1], [1]]","[[0], [1], [1], [0], [1], [1]]","[[1], [1], [1], [1]]"
229,T10,pPsrA,AraC,T10,pPsrA,PsrA,"[[0, 0], [1, 0], [1, 0], [0, 0], [1, 0], [1, 0]]","[[0, 0], [0, 1], [0, 1], [0, 0], [0, 1], [0, 1]]","[[0, 0], [1, 0], [1, 0], [0, 0], [1, 0], [1, 0]]","[[0, 0], [0, 1], [0, 1], [0, 0], [0, 1], [0, 1]]","[[1, 0], [0, 1], [1, 0], [0, 1]]"
230,T10,pPsrA,AraC,T10,pPsrA,tfSp,"[[0], [1], [1], [0], [1], [1]]","[[0], [1], [1], [0], [1], [1]]","[[0], [1], [1], [0], [1], [1]]","[[0], [1], [1], [0], [1], [1]]","[[1], [1], [1], [1]]"
231,T10,pPsrA,AraC,T10,pTac,AraC,"[[0], [1], [1], [0], [0], [0]]","[[0], [1], [1], [0], [0], [0]]","[[0], [1], [1], [0], [1], [1]]","[[0], [1], [1], [0], [1], [1]]","[[0], [0], [1], [1]]"
232,T10,pPsrA,AraC,T10,pTac,PsrA,"[[0], [1], [1], [0], [0], [0]]","[[0], [1], [1], [0], [0], [0]]","[[0], [0], [0], [0], [1], [1]]","[[0], [0], [0], [0], [1], [1]]","[[0], [0], [1], [1]]"
233,T10,pPsrA,AraC,T10,pTac,tfSp,"[[0], [1], [1], [0], [0], [0]]","[[0], [1], [1], [0], [0], [0]]","[[0], [1], [1], [0], [1], [1]]","[[0], [1], [1], [0], [1], [1]]","[[0], [0], [1], [1]]"
234,T10,pPsrA,PsrA,pTet,pBAD,AraC,"[[0, 0], [1, 0], [1, 0], [1, 0], [0, 0], [0, 0]]","[[0, 0], [0, 1], [0, 1], [1, 1], [0, 0], [0, 0]]","[[0, 0], [1, 0], [1, 0], [1, 0], [0, 0], [0, 0]]","[[0, 0], [0, 1], [0, 1], [1, 1], [0, 0], [0, 0]]","[[0], [0], [0], [0]]"
235,T10,pPsrA,PsrA,pTet,pBAD,PsrA,"[[0, 0], [1, 0], [1, 0], [1, 0], [0, 0], [0, 0]]","[[0, 0], [0, 1], [0, 1], [1, 1], [0, 0], [0, 0]]","[[0, 0], [1, 0], [1, 0], [1, 0], [0, 0], [0, 0]]","[[0, 0], [0, 1], [0, 1], [1, 1], [0, 0], [0, 0]]","[[0], [0], [0], [0]]"
236,T10,pPsrA,PsrA,pTet,pBAD,tfSp,"[[0, 0], [1, 0], [1, 0], [1, 0], [0, 0], [0, 0]]","[[0, 0], [0, 1], [0, 1], [1, 1], [0, 0], [0, 0]]","[[0, 0], [1, 0], [1, 0], [1, 0], [0, 0], [0, 0]]","[[0, 0], [0, 1], [0, 1], [1, 1], [0, 0], [0, 0]]","[[0], [0], [0], [0]]"
237,T10,pPsrA,PsrA,pTet,pPsrA,AraC,"[[0, 0], [1, 0], [1, 0], [1, 0], [1, 1], [1, 1]]","[[0, 0], [0, 1], [0, 1], [1, 1], [1, 1], [1, 1]]","[[0, 0], [1, 0], [1, 0], [1, 0], [1, 1], [1, 1]]","[[0, 0], [0, 1], [0, 1], [1, 1], [1, 1], [1, 1]]","[[1], [1], [1], [1]]"
238,T10,pPsrA,PsrA,pTet,pPsrA,PsrA,"[[0, 0], [1, 0], [1, 0], [1, 0], [1, 0], [1, 0]]","[[0], [0], [0], [1], [1], [1]]","[[0, 0], [0, 1], [0, 1], [0, 1], [0, 1], [0, 1]]","[[0], [0], [0], [1], [1], [1]]","[[1, 0], [1], [0, 1], [1]]"
239,T10,pPsrA,PsrA,pTet,pPsrA,tfSp,"[[0, 0], [1, 0], [1, 0], [1, 0], [1, 1], [1, 1]]","[[0, 0], [0, 1], [0, 1], [1, 1], [1, 1], [1, 1]]","[[0, 0], [1, 0], [1, 0], [1, 0], [1, 1], [1, 1]]","[[0, 0], [0, 1], [0, 1], [1, 1], [1, 1], [1, 1]]","[[1], [1], [1], [1]]"
240,T10,pPsrA,PsrA,pTet,pTac,AraC,"[[0, 0], [1, 0], [1, 0], [1, 0], [1, 0], [1, 0]]","[[0, 0], [0, 1], [0, 1], [1, 1], [1, 1], [1, 1]]","[[0, 0], [1, 0], [1, 0], [1, 0], [1, 1], [1, 1]]","[[0, 0], [0, 1], [0, 1], [1, 1], [1, 1], [1, 1]]","[[1, 0], [1], [1], [1]]"
241,T10,pPsrA,PsrA,pTet,pTac,PsrA,"[[0, 0], [1, 0], [1, 0], [1, 0], [1, 0], [1, 0]]","[[0], [0], [0], [1], [1], [1]]","[[0], [0], [0], [0], [1], [1]]","[[0], [0], [0], [1], [1], [1]]","[[1, 0], [1], [1], [1]]"
242,T10,pPsrA,PsrA,pTet,pTac,tfSp,"[[0, 0], [1, 0], [1, 0], [1, 0], [1, 0], [1, 0]]","[[0, 0], [0, 1], [0, 1], [1, 1], [1, 1], [1, 1]]","[[0, 0], [1, 0], [1, 0], [1, 0], [1, 1], [1, 1]]","[[0, 0], [0, 1], [0, 1], [1, 1], [1, 1], [1, 1]]","[[1, 0], [1], [1], [1]]"
243,T10,pPsrA,PsrA,T10,pBAD,AraC,"[[0, 0], [1, 0], [1, 0], [0, 0], [0, 0], [0, 0]]","[[0, 0], [0, 1], [0, 1], [0, 0], [0, 0], [0, 0]]","[[0, 0], [1, 0], [1, 0], [0, 0], [0, 0], [0, 0]]","[[0, 0], [0, 1], [0, 1], [0, 0], [0, 0], [0, 0]]","[[0], [0], [0], [0]]"
244,T10,pPsrA,PsrA,T10,pBAD,PsrA,"[[0, 0], [1, 0], [1, 0], [0, 0], [0, 0], [0, 0]]","[[0, 0], [0, 1], [0, 1], [0, 0], [0, 0], [0, 0]]","[[0, 0], [1, 0], [1, 0], [0, 0], [0, 0], [0, 0]]","[[0, 0], [0, 1], [0, 1], [0, 0], [0, 0], [0, 0]]","[[0], [0], [0], [0]]"
245,T10,pPsrA,PsrA,T10,pBAD,tfSp,"[[0, 0], [1, 0], [1, 0], [0, 0], [0, 0], [0, 0]]","[[0, 0], [0, 1], [0, 1], [0, 0], [0, 0], [0, 0]]","[[0, 0], [1, 0], [1, 0], [0, 0], [0, 0], [0, 0]]","[[0, 0], [0, 1], [0, 1], [0, 0], [0, 0], [0, 0]]","[[0], [0], [0], [0]]"
246,T10,pPsrA,PsrA,T10,pPsrA,AraC,"[[0, 0], [1, 0], [1, 0], [0, 0], [0, 1], [0, 1]]","[[0, 0], [0, 1], [0, 1], [0, 0], [1, 0], [1, 0]]","[[0, 0], [1, 0], [1, 0], [0, 0], [0, 1], [0, 1]]","[[0, 0], [0, 1], [0, 1], [0, 0], [1, 0], [1, 0]]","[[0, 1], [1, 0], [0, 1], [1, 0]]"
247,T10,pPsrA,PsrA,T10,pPsrA,PsrA,"[[0, 0, 0], [1, 0, 0], [1, 0, 0], [0, 0, 0], [0, 1, 0], [0, 1, 0]]","[[0, 0, 0], [0, 0, 1], [0, 0, 1], [0, 0, 0], [1, 0, 0], [1, 0, 0]]","[[0, 0, 0], [0, 1, 0], [0, 1, 0], [0, 0, 0], [0, 0, 1], [0, 0, 1]]","[[0, 0, 0], [1, 0, 0], [1, 0, 0], [0, 0, 0], [0, 1, 0], [0, 1, 0]]","[[0], [1, 0, 0], [0, 0, 1], [0]]"
248,T10,pPsrA,PsrA,T10,pPsrA,tfSp,"[[0, 0], [1, 0], [1, 0], [0, 0], [0, 1], [0, 1]]","[[0, 0], [0, 1], [0, 1], [0, 0], [1, 0], [1, 0]]","[[0, 0], [1, 0], [1, 0], [0, 0], [0, 1], [0, 1]]","[[0, 0], [0, 1], [0, 1], [0, 0], [1, 0], [1, 0]]","[[0, 1], [1, 0], [0, 1], [1, 0]]"
249,T10,pPsrA,PsrA,T10,pTac,AraC,"[[0, 0], [1, 0], [1, 0], [0, 0], [0, 0], [0, 0]]","[[0, 0], [0, 1], [0, 1], [0, 0], [0, 0], [0, 0]]","[[0, 0], [1, 0], [1, 0], [0, 0], [1, 1], [1, 1]]","[[0, 0], [0, 1], [0, 1], [0, 0], [1, 1], [1, 1]]","[[0], [0], [1], [1]]"
250,T10,pPsrA,PsrA,T10,pTac,PsrA,"[[0, 0], [1, 0], [1, 0], [0, 0], [0, 0], [0, 0]]","[[0, 0], [0, 1], [0, 1], [0, 0], [0, 0], [0, 0]]","[[0], [0], [0], [0], [1], [1]]","[[0], [0], [0], [0], [1], [1]]","[[0], [0], [1], [1]]"
251,T10,pPsrA,PsrA,T10,pTac,tfSp,"[[0, 0], [1, 0], [1, 0], [0, 0], [0, 0], [0, 0]]","[[0, 0], [0, 1], [0, 1], [0, 0], [0, 0], [0, 0]]","[[0, 0], [1, 0], [1, 0], [0, 0], [1, 1], [1, 1]]","[[0, 0], [0, 1], [0, 1], [0, 0], [1, 1], [1, 1]]","[[0], [0], [1], [1]]"
252,T10,pPsrA,tfSp,pTet,pBAD,AraC,"[[0], [1], [1], [1], [0], [0]]","[[0], [1], [1], [1], [0], [0]]","[[0], [1], [1], [1], [0], [0]]","[[0], [1], [1], [1], [0], [0]]","[[0], [0], [0], [0]]"
253,T10,pPsrA,tfSp,pTet,pBAD,PsrA,"[[0], [1], [1], [1], [0], [0]]","[[0], [1], [1], [1], [0], [0]]","[[0], [1], [1], [1], [0], [0]]","[[0], [1], [1], [1], [0], [0]]","[[0], [0], [0], [0]]"
254,T10,pPsrA,tfSp,pTet,pBAD,tfSp,"[[0], [1], [1], [1], [0], [0]]","[[0], [1], [1], [1], [0], [0]]","[[0], [1], [1], [1], [0], [0]]","[[0], [1], [1], [1], [0], [0]]","[[0], [0], [0], [0]]"
255,T10,pPsrA,tfSp,pTet,pPsrA,AraC,"[[0], [1], [1], [1], [1], [1]]","[[0], [1], [1], [1], [1], [1]]","[[0], [1], [1], [1], [1], [1]]","[[0], [1], [1], [1], [1], [1]]","[[1], [1], [1], [1]]"
256,T10,pPsrA,tfSp,pTet,pPsrA,PsrA,"[[0, 0], [1, 0], [1, 0], [1, 0], [1, 0], [1, 0]]","[[0], [0], [0], [1], [1], [1]]","[[0, 0], [0, 1], [0, 1], [0, 1], [0, 1], [0, 1]]","[[0], [0], [0], [1], [1], [1]]","[[1, 0], [1], [0, 1], [1]]"
257,T10,pPsrA,tfSp,pTet,pPsrA,tfSp,"[[0], [1], [1], [1], [1], [1]]","[[0], [1], [1], [1], [1], [1]]","[[0], [1], [1], [1], [1], [1]]","[[0], [1], [1], [1], [1], [1]]","[[1], [1], [1], [1]]"
258,T10,pPsrA,tfSp,pTet,pTac,AraC,"[[0], [1], [1], [1], [1], [1]]","[[0], [1], [1], [1], [1], [1]]","[[0], [1], [1], [1], [1], [1]]","[[0], [1], [1], [1], [1], [1]]","[[1], [1], [1], [1]]"
259,T10,pPsrA,tfSp,pTet,pTac,PsrA,"[[0, 0], [1, 0], [1, 0], [1, 0], [1, 0], [1, 0]]","[[0], [0], [0], [1], [1], [1]]","[[0], [0], [0], [0], [1], [1]]","[[0], [0], [0], [1], [1], [1]]","[[1, 0], [1], [1], [1]]"
260,T10,pPsrA,tfSp,pTet,pTac,tfSp,"[[0], [1], [1], [1], [1], [1]]","[[0], [1], [1], [1], [1], [1]]","[[0], [1], [1], [1], [1], [1]]","[[0], [1], [1], [1], [1], [1]]","[[1], [1], [1], [1]]"
261,T10,pPsrA,tfSp,T10,pBAD,AraC,"[[0], [1], [1], [0], [0], [0]]","[[0], [1], [1], [0], [0], [0]]","[[0], [1], [1], [0], [0], [0]]","[[0], [1], [1], [0], [0], [0]]","[[0], [0], [0], [0]]"
262,T10,pPsrA,tfSp,T10,pBAD,PsrA,"[[0], [1], [1], [0], [0], [0]]","[[0], [1], [1], [0], [0], [0]]","[[0], [1], [1], [0], [0], [0]]","[[0], [1], [1], [0], [0], [0]]","[[0], [0], [0], [0]]"
263,T10,pPsrA,tfSp,T10,pBAD,tfSp,"[[0], [1], [1], [0], [0], [0]]","[[0], [1], [1], [0], [0], [0]]","[[0], [1], [1], [0], [0], [0]]","[[0], [1], [1], [0], [0], [0]]","[[0], [0], [0], [0]]"
264,T10,pPsrA,tfSp,T10,pPsrA,AraC,"[[0], [1], [1], [0], [1], [1]]","[[0], [1], [1], [0], [1], [1]]","[[0], [1], [1], [0], [1], [1]]","[[0], [1], [1], [0], [1], [1]]","[[1], [1], [1], [1]]"
265,T10,pPsrA,tfSp,T10,pPsrA,PsrA,"[[0, 0], [1, 0], [1, 0], [0, 0], [1, 0], [1, 0]]","[[0, 0], [0, 1], [0, 1], [0, 0], [0, 1], [0, 1]]","[[0, 0], [1, 0], [1, 0], [0, 0], [1, 0], [1, 0]]","[[0, 0], [0, 1], [0, 1], [0, 0], [0, 1], [0, 1]]","[[1, 0], [0, 1], [1, 0], [0, 1]]"
266,T10,pPsrA,tfSp,T10,pPsrA,tfSp,"[[0], [1], [1], [0], [1], [1]]","[[0], [1], [1], [0], [1], [1]]","[[0], [1], [1], [0], [1], [1]]","[[0], [1], [1], [0], [1], [1]]","[[1], [1], [1], [1]]"
267,T10,pPsrA,tfSp,T10,pTac,AraC,"[[0], [1], [1], [0], [0], [0]]","[[0], [1], [1], [0], [0], [0]]","[[0], [1], [1], [0], [1], [1]]","[[0], [1], [1], [0], [1], [1]]","[[0], [0], [1], [1]]"
268,T10,pPsrA,tfSp,T10,pTac,PsrA,"[[0], [1], [1], [0], [0], [0]]","[[0], [1], [1], [0], [0], [0]]","[[0], [0], [0], [0], [1], [1]]","[[0], [0], [0], [0], [1], [1]]","[[0], [0], [1], [1]]"
269,T10,pPsrA,tfSp,T10,pTac,tfSp,"[[0], [1], [1], [0], [0], [0]]","[[0], [1], [1], [0], [0], [0]]","[[0], [1], [1], [0], [1], [1]]","[[0], [1], [1], [0], [1], [1]]","[[0], [0], [1], [1]]"
270,T10,pTac,AraC,pTet,pBAD,AraC,"[[0], [0], [0], [0], [0], [0]]","[[0], [0], [0], [1], [0], [0]]","[[0], [1], [1], [1], [0], [0]]","[[0], [1], [1], [1], [0], [0]]","[[0], [0], [0], [0]]"
271,T10,pTac,AraC,pTet,pBAD,PsrA,"[[0], [0], [0], [0], [0], [0]]","[[0], [0], [0], [1], [0], [0]]","[[0], [1], [1], [1], [0], [0]]","[[0], [1], [1], [1], [0], [0]]","[[0], [0], [0], [0]]"
272,T10,pTac,AraC,pTet,pBAD,tfSp,"[[0], [0], [0], [0], [0], [0]]","[[0], [0], [0], [1], [0], [0]]","[[0], [1], [1], [1], [0], [0]]","[[0], [1], [1], [1], [0], [0]]","[[0], [0], [0], [0]]"
273,T10,pTac,AraC,pTet,pPsrA,AraC,"[[0], [0], [0], [0], [1], [1]]","[[0], [0], [0], [1], [1], [1]]","[[0], [1], [1], [1], [1], [1]]","[[0], [1], [1], [1], [1], [1]]","[[1], [1], [1], [1]]"
274,T10,pTac,AraC,pTet,pPsrA,PsrA,"[[0, 0], [0, 0], [0, 0], [0, 0], [1, 0], [1, 0]]","[[0], [0], [0], [1], [1], [1]]","[[0], [1], [1], [1], [1], [1]]","[[0], [1], [1], [1], [1], [1]]","[[1, 0], [1], [1], [1]]"
275,T10,pTac,AraC,pTet,pPsrA,tfSp,"[[0], [0], [0], [0], [1], [1]]","[[0], [0], [0], [1], [1], [1]]","[[0], [1], [1], [1], [1], [1]]","[[0], [1], [1], [1], [1], [1]]","[[1], [1], [1], [1]]"
276,T10,pTac,AraC,pTet,pTac,AraC,"[[0], [0], [0], [0], [0], [0]]","[[0], [0], [0], [1], [1], [1]]","[[0], [1], [1], [1], [1], [1]]","[[0], [1], [1], [1], [1], [1]]","[[0], [1], [1], [1]]"
277,T10,pTac,AraC,pTet,pTac,PsrA,"[[0], [0], [0], [0], [0], [0]]","[[0], [0], [0], [1], [1], [1]]","[[0], [1], [1], [1], [1], [1]]","[[0], [1], [1], [1], [1], [1]]","[[0], [1], [1], [1]]"
278,T10,pTac,AraC,pTet,pTac,tfSp,"[[0], [0], [0], [0], [0], [0]]","[[0], [0], [0], [1], [1], [1]]","[[0], [1], [1], [1], [1], [1]]","[[0], [1], [1], [1], [1], [1]]","[[0], [1], [1], [1]]"
279,T10,pTac,AraC,T10,pBAD,AraC,"[[0], [0], [0], [0], [0], [0]]","[[0], [0], [0], [0], [0], [0]]","[[0], [1], [1], [0], [0], [0]]","[[0], [1], [1], [0], [0], [0]]","[[0], [0], [0], [0]]"
280,T10,pTac,AraC,T10,pBAD,PsrA,"[[0], [0], [0], [0], [0], [0]]","[[0], [0], [0], [0], [0], [0]]","[[0], [1], [1], [0], [0], [0]]","[[0], [1], [1], [0], [0], [0]]","[[0], [0], [0], [0]]"
281,T10,pTac,AraC,T10,pBAD,tfSp,"[[0], [0], [0], [0], [0], [0]]","[[0], [0], [0], [0], [0], [0]]","[[0], [1], [1], [0], [0], [0]]","[[0], [1], [1], [0], [0], [0]]","[[0], [0], [0], [0]]"
282,T10,pTac,AraC,T10,pPsrA,AraC,"[[0], [0], [0], [0], [1], [1]]","[[0], [0], [0], [0], [1], [1]]","[[0], [1], [1], [0], [1], [1]]","[[0], [1], [1], [0], [1], [1]]","[[1], [1], [1], [1]]"
283,T10,pTac,AraC,T10,pPsrA,PsrA,"[[0, 0], [0, 0], [0, 0], [0, 0], [1, 0], [1, 0]]","[[0, 0], [0, 0], [0, 0], [0, 0], [0, 1], [0, 1]]","[[0, 0], [1, 1], [1, 1], [0, 0], [1, 0], [1, 0]]","[[0, 0], [1, 1], [1, 1], [0, 0], [0, 1], [0, 1]]","[[1, 0], [0, 1], [1, 0], [0, 1]]"
284,T10,pTac,AraC,T10,pPsrA,tfSp,"[[0], [0], [0], [0], [1], [1]]","[[0], [0], [0], [0], [1], [1]]","[[0], [1], [1], [0], [1], [1]]","[[0], [1], [1], [0], [1], [1]]","[[1], [1], [1], [1]]"
285,T10,pTac,AraC,T10,pTac,AraC,"[[0], [0], [0], [0], [0], [0]]","[[0], [0], [0], [0], [0], [0]]","[[0], [1], [1], [0], [1], [1]]","[[0], [1], [1], [0], [1], [1]]","[[0], [0], [1], [1]]"
286,T10,pTac,AraC,T10,pTac,PsrA,"[[0], [0], [0], [0], [0], [0]]","[[0], [0], [0], [0], [0], [0]]","[[0], [1], [1], [0], [1], [1]]","[[0], [1], [1], [0], [1], [1]]","[[0], [0], [1], [1]]"
287,T10,pTac,AraC,T10,pTac,tfSp,"[[0], [0], [0], [0], [0], [0]]","[[0], [0], [0], [0], [0], [0]]","[[0], [1], [1], [0], [1], [1]]","[[0], [1], [1], [0], [1], [1]]","[[0], [0], [1], [1]]"
288,T10,pTac,PsrA,pTet,pBAD,AraC,"[[0], [0], [0], [0], [0], [0]]","[[0], [0], [0], [1], [0], [0]]","[[0], [1], [1], [1], [0], [0]]","[[0], [1], [1], [1], [0], [0]]","[[0], [0], [0], [0]]"
289,T10,pTac,PsrA,pTet,pBAD,PsrA,"[[0], [0], [0], [0], [0], [0]]","[[0], [0], [0], [1], [0], [0]]","[[0], [1], [1], [1], [0], [0]]","[[0], [1], [1], [1], [0], [0]]","[[0], [0], [0], [0]]"
290,T10,pTac,PsrA,pTet,pBAD,tfSp,"[[0], [0], [0], [0], [0], [0]]","[[0], [0], [0], [1], [0], [0]]","[[0], [1], [1], [1], [0], [0]]","[[0], [1], [1], [1], [0], [0]]","[[0], [0], [0], [0]]"
291,T10,pTac,PsrA,pTet,pPsrA,AraC,"[[0], [0], [0], [0], [1], [1]]","[[0], [0], [0], [1], [1], [1]]","[[0], [1], [1], [1], [1], [1]]","[[0], [1], [1], [1], [1], [1]]","[[1], [1], [1], [1]]"
292,T10,pTac,PsrA,pTet,pPsrA,PsrA,"[[0, 0], [0, 0], [0, 0], [0, 0], [1, 0], [1, 0]]","[[0], [0], [0], [1], [1], [1]]","[[0], [1], [1], [1], [1], [1]]","[[0], [1], [1], [1], [1], [1]]","[[1, 0], [1], [1], [1]]"
293,T10,pTac,PsrA,pTet,pPsrA,tfSp,"[[0], [0], [0], [0], [1], [1]]","[[0], [0], [0], [1], [1], [1]]","[[0], [1], [1], [1], [1], [1]]","[[0], [1], [1], [1], [1], [1]]","[[1], [1], [1], [1]]"
294,T10,pTac,PsrA,pTet,pTac,AraC,"[[0], [0], [0], [0], [0], [0]]","[[0], [0], [0], [1], [1], [1]]","[[0], [1], [1], [1], [1], [1]]","[[0], [1], [1], [1], [1], [1]]","[[0], [1], [1], [1]]"
295,T10,pTac,PsrA,pTet,pTac,PsrA,"[[0], [0], [0], [0], [0], [0]]","[[0], [0], [0], [1], [1], [1]]","[[0], [1], [1], [1], [1], [1]]","[[0], [1], [1], [1], [1], [1]]","[[0], [1], [1], [1]]"
296,T10,pTac,PsrA,pTet,pTac,tfSp,"[[0], [0], [0], [0], [0], [0]]","[[0], [0], [0], [1], [1], [1]]","[[0], [1], [1], [1], [1], [1]]","[[0], [1], [1], [1], [1], [1]]","[[0], [1], [1], [1]]"
297,T10,pTac,PsrA,T10,pBAD,AraC,"[[0], [0], [0], [0], [0], [0]]","[[0], [0], [0], [0], [0], [0]]","[[0], [1], [1], [0], [0], [0]]","[[0], [1], [1], [0], [0], [0]]","[[0], [0], [0], [0]]"
298,T10,pTac,PsrA,T10,pBAD,PsrA,"[[0], [0], [0], [0], [0], [0]]","[[0], [0], [0], [0], [0], [0]]","[[0], [1], [1], [0], [0], [0]]","[[0], [1], [1], [0], [0], [0]]","[[0], [0], [0], [0]]"
299,T10,pTac,PsrA,T10,pBAD,tfSp,"[[0], [0], [0], [0], [0], [0]]","[[0], [0], [0], [0], [0], [0]]","[[0], [1], [1], [0], [0], [0]]","[[0], [1], [1], [0], [0], [0]]","[[0], [0], [0], [0]]"
300,T10,pTac,PsrA,T10,pPsrA,AraC,"[[0], [0], [0], [0], [1], [1]]","[[0], [0], [0], [0], [1], [1]]","[[0], [1], [1], [0], [0], [0]]","[[0], [1], [1], [0], [0], [0]]","[[1], [1], [0], [0]]"
301,T10,pTac,PsrA,T10,pPsrA,PsrA,"[[0, 0], [0, 0], [0, 0], [0, 0], [1, 0], [1, 0]]","[[0, 0], [0, 0], [0, 0], [0, 0], [0, 1], [0, 1]]","[[0], [1], [1], [0], [0], [0]]","[[0], [1], [1], [0], [0], [0]]","[[1, 0], [0, 1], [0], [0]]"
302,T10,pTac,PsrA,T10,pPsrA,tfSp,"[[0], [0], [0], [0], [1], [1]]","[[0], [0], [0], [0], [1], [1]]","[[0], [1], [1], [0], [0], [0]]","[[0], [1], [1], [0], [0], [0]]","[[1], [1], [0], [0]]"
303,T10,pTac,PsrA,T10,pTac,AraC,"[[0], [0], [0], [0], [0], [0]]","[[0], [0], [0], [0], [0], [0]]","[[0], [1], [1], [0], [1], [1]]","[[0], [1], [1], [0], [1], [1]]","[[0], [0], [1], [1]]"
304,T10,pTac,PsrA,T10,pTac,PsrA,"[[0], [0], [0], [0], [0], [0]]","[[0], [0], [0], [0], [0], [0]]","[[0], [1], [1], [0], [1], [1]]","[[0], [1], [1], [0], [1], [1]]","[[0], [0], [1], [1]]"
305,T10,pTac,PsrA,T10,pTac,tfSp,"[[0], [0], [0], [0], [0], [0]]","[[0], [0], [0], [0], [0], [0]]","[[0], [1], [1], [0], [1], [1]]","[[0], [1], [1], [0], [1], [1]]","[[0], [0], [1], [1]]"
306,T10,pTac,tfSp,pTet,pBAD,AraC,"[[0], [0], [0], [0], [0], [0]]","[[0], [0], [0], [1], [0], [0]]","[[0], [1], [1], [1], [0], [0]]","[[0], [1], [1], [1], [0], [0]]","[[0], [0], [0], [0]]"
307,T10,pTac,tfSp,pTet,pBAD,PsrA,"[[0], [0], [0], [0], [0], [0]]","[[0], [0], [0], [1], [0], [0]]","[[0], [1], [1], [1], [0], [0]]","[[0], [1], [1], [1], [0], [0]]","[[0], [0], [0], [0]]"
308,T10,pTac,tfSp,pTet,pBAD,tfSp,"[[0], [0], [0], [0], [0], [0]]","[[0], [0], [0], [1], [0], [0]]","[[0], [1], [1], [1], [0], [0]]","[[0], [1], [1], [1], [0], [0]]","[[0], [0], [0], [0]]"
309,T10,pTac,tfSp,pTet,pPsrA,AraC,"[[0], [0], [0], [0], [1], [1]]","[[0], [0], [0], [1], [1], [1]]","[[0], [1], [1], [1], [1], [1]]","[[0], [1], [1], [1], [1], [1]]","[[1], [1], [1], [1]]"
310,T10,pTac,tfSp,pTet,pPsrA,PsrA,"[[0, 0], [0, 0], [0, 0], [0, 0], [1, 0], [1, 0]]","[[0], [0], [0], [1], [1], [1]]","[[0], [1], [1], [1], [1], [1]]","[[0], [1], [1], [1], [1], [1]]","[[1, 0], [1], [1], [1]]"
311,T10,pTac,tfSp,pTet,pPsrA,tfSp,"[[0], [0], [0], [0], [1], [1]]","[[0], [0], [0], [1], [1], [1]]","[[0], [1], [1], [1], [1], [1]]","[[0], [1], [1], [1], [1], [1]]","[[1], [1], [1], [1]]"
312,T10,pTac,tfSp,pTet,pTac,AraC,"[[0], [0], [0], [0], [0], [0]]","[[0], [0], [0], [1], [1], [1]]","[[0], [1], [1], [1], [1], [1]]","[[0], [1], [1], [1], [1], [1]]","[[0], [1], [1], [1]]"
313,T10,pTac,tfSp,pTet,pTac,PsrA,"[[0], [0], [0], [0], [0], [0]]","[[0], [0], [0], [1], [1], [1]]","[[0], [1], [1], [1], [1], [1]]","[[0], [1], [1], [1], [1], [1]]","[[0], [1], [1], [1]]"
314,T10,pTac,tfSp,pTet,pTac,tfSp,"[[0], [0], [0], [0], [0], [0]]","[[0], [0], [0], [1], [1], [1]]","[[0], [1], [1], [1], [1], [1]]","[[0], [1], [1], [1], [1], [1]]","[[0], [1], [1], [1]]"
315,T10,pTac,tfSp,T10,pBAD,AraC,"[[0], [0], [0], [0], [0], [0]]","[[0], [0], [0], [0], [0], [0]]","[[0], [1], [1], [0], [0], [0]]","[[0], [1], [1], [0], [0], [0]]","[[0], [0], [0], [0]]"
316,T10,pTac,tfSp,T10,pBAD,PsrA,"[[0], [0], [0], [0], [0], [0]]","[[0], [0], [0], [0], [0], [0]]","[[0], [1], [1], [0], [0], [0]]","[[0], [1], [1], [0], [0], [0]]","[[0], [0], [0], [0]]"
317,T10,pTac,tfSp,T10,pBAD,tfSp,"[[0], [0], [0], [0], [0], [0]]","[[0], [0], [0], [0], [0], [0]]","[[0], [1], [1], [0], [0], [0]]","[[0], [1], [1], [0], [0], [0]]","[[0], [0], [0], [0]]"
318,T10,pTac,tfSp,T10,pPsrA,AraC,"[[0], [0], [0], [0], [1], [1]]","[[0], [0], [0], [0], [1], [1]]","[[0], [1], [1], [0], [1], [1]]","[[0], [1], [1], [0], [1], [1]]","[[1], [1], [1], [1]]"
319,T10,pTac,tfSp,T10,pPsrA,PsrA,"[[0, 0], [0, 0], [0, 0], [0, 0], [1, 0], [1, 0]]","[[0, 0], [0, 0], [0, 0], [0, 0], [0, 1], [0, 1]]","[[0, 0], [1, 1], [1, 1], [0, 0], [1, 0], [1, 0]]","[[0, 0], [1, 1], [1, 1], [0, 0], [0, 1], [0, 1]]","[[1, 0], [0, 1], [1, 0], [0, 1]]"
320,T10,pTac,tfSp,T10,pPsrA,tfSp,"[[0], [0], [0], [0], [1], [1]]","[[0], [0], [0], [0], [1], [1]]","[[0], [1], [1], [0], [1], [1]]","[[0], [1], [1], [0], [1], [1]]","[[1], [1], [1], [1]]"
321,T10,pTac,tfSp,T10,pTac,AraC,"[[0], [0], [0], [0], [0], [0]]","[[0], [0], [0], [0], [0], [0]]","[[0], [1], [1], [0], [1], [1]]","[[0], [1], [1], [0], [1], [1]]","[[0], [0], [1], [1]]"
322,T10,pTac,tfSp,T10,pTac,PsrA,"[[0], [0], [0], [0], [0], [0]]","[[0], [0], [0], [0], [0], [0]]","[[0], [1], [1], [0], [1], [1]]","[[0], [1], [1], [0], [1], [1]]","[[0], [0], [1], [1]]"
323,T10,pTac,tfSp,T10,pTac,tfSp,"[[0], [0], [0], [0], [0], [0]]","[[0], [0], [0], [0], [0], [0]]","[[0], [1], [1], [0], [1], [1]]","[[0], [1], [1], [0], [1], [1]]","[[0], [0], [1], [1]]"
