,Unnamed: 0,part0,part1,part2,part3,part4,part5,-/-,-/+,+/-,+/+,output_phenotype,burden -/-,burden -/+,burden +/-,burden +/+
0,0,pTet,pBAD,AraC,pTet,pBAD,AraC,"[[0], [0], [0], [0], [0], [0]]","[[1], [0], [0], [1], [0], [0]]","[[0], [0], [0], [0], [0], [0]]","[[1], [0], [0], [1], [0], [0]]","[[0], [0], [0], [0]]",0.0,0.0,0.0,0.0
1,1,pTet,pBAD,AraC,pTet,pBAD,PsrA,"[[0], [0], [0], [0], [0], [0]]","[[1], [0], [0], [1], [0], [0]]","[[0], [0], [0], [0], [0], [0]]","[[1], [0], [0], [1], [0], [0]]","[[0], [0], [0], [0]]",0.0,0.0,0.0,0.0
2,2,pTet,pBAD,AraC,pTet,pBAD,tfSp,"[[0], [0], [0], [0], [0], [0]]","[[1], [0], [0], [1], [0], [0]]","[[0], [0], [0], [0], [0], [0]]","[[1], [0], [0], [1], [0], [0]]","[[0], [0], [0], [0]]",0.0,0.0,0.0,0.0
3,3,pTet,pBAD,AraC,pTet,pPsrA,AraC,"[[0], [0], [0], [0], [1], [1]]","[[1], [0], [0], [1], [1], [1]]","[[0], [0], [0], [0], [1], [1]]","[[1], [0], [0], [1], [1], [1]]","[[1], [1], [1], [1]]",1.0,1.0,1.0,1.0
4,4,pTet,pBAD,AraC,pTet,pPsrA,PsrA,"[[0, 0], [0, 0], [0, 0], [0, 0], [1, 0], [1, 0]]","[[1], [0], [0], [1], [1], [1]]","[[0, 0], [0, 0], [0, 0], [0, 0], [0, 1], [0, 1]]","[[1], [0], [0], [1], [1], [1]]","[[1, 0], [1], [0, 1], [1]]",0.5,1.0,0.5,1.0
5,5,pTet,pBAD,AraC,pTet,pPsrA,tfSp,"[[0], [0], [0], [0], [1], [1]]","[[1], [0], [0], [1], [1], [1]]","[[0], [0], [0], [0], [1], [1]]","[[1], [0], [0], [1], [1], [1]]","[[1], [1], [1], [1]]",1.0,1.0,1.0,1.0
6,6,pTet,pBAD,AraC,pTet,pTac,AraC,"[[0], [0], [0], [0], [0], [0]]","[[1], [0], [0], [1], [1], [1]]","[[0], [0], [0], [0], [1], [1]]","[[1], [0], [0], [1], [1], [1]]","[[0], [1], [1], [1]]",0.0,1.0,1.0,1.0
7,7,pTet,pBAD,AraC,pTet,pTac,PsrA,"[[0], [0], [0], [0], [0], [0]]","[[1], [0], [0], [1], [1], [1]]","[[0], [0], [0], [0], [1], [1]]","[[1], [0], [0], [1], [1], [1]]","[[0], [1], [1], [1]]",0.0,1.0,1.0,1.0
8,8,pTet,pBAD,AraC,pTet,pTac,tfSp,"[[0], [0], [0], [0], [0], [0]]","[[1], [0], [0], [1], [1], [1]]","[[0], [0], [0], [0], [1], [1]]","[[1], [0], [0], [1], [1], [1]]","[[0], [1], [1], [1]]",0.0,1.0,1.0,1.0
9,9,pTet,pBAD,AraC,T10,pBAD,AraC,"[[0], [0], [0], [0], [0], [0]]","[[1], [0], [0], [0], [0], [0]]","[[0], [0], [0], [0], [0], [0]]","[[1], [0], [0], [0], [0], [0]]","[[0], [0], [0], [0]]",0.0,0.0,0.0,0.0
10,10,pTet,pBAD,AraC,T10,pBAD,PsrA,"[[0], [0], [0], [0], [0], [0]]","[[1], [0], [0], [0], [0], [0]]","[[0], [0], [0], [0], [0], [0]]","[[1], [0], [0], [0], [0], [0]]","[[0], [0], [0], [0]]",0.0,0.0,0.0,0.0
11,11,pTet,pBAD,AraC,T10,pBAD,tfSp,"[[0], [0], [0], [0], [0], [0]]","[[1], [0], [0], [0], [0], [0]]","[[0], [0], [0], [0], [0], [0]]","[[1], [0], [0], [0], [0], [0]]","[[0], [0], [0], [0]]",0.0,0.0,0.0,0.0
12,12,pTet,pBAD,AraC,T10,pPsrA,AraC,"[[0], [0], [0], [0], [1], [1]]","[[1], [0], [0], [0], [1], [1]]","[[0], [0], [0], [0], [1], [1]]","[[1], [0], [0], [0], [1], [1]]","[[1], [1], [1], [1]]",1.0,1.0,1.0,1.0
13,13,pTet,pBAD,AraC,T10,pPsrA,PsrA,"[[0, 0], [0, 0], [0, 0], [0, 0], [1, 0], [1, 0]]","[[1, 1], [0, 0], [0, 0], [0, 0], [0, 1], [0, 1]]","[[0, 0], [0, 0], [0, 0], [0, 0], [1, 0], [1, 0]]","[[1, 1], [0, 0], [0, 0], [0, 0], [0, 1], [0, 1]]","[[1, 0], [0, 1], [1, 0], [0, 1]]",0.5,0.5,0.5,0.5
14,14,pTet,pBAD,AraC,T10,pPsrA,tfSp,"[[0], [0], [0], [0], [1], [1]]","[[1], [0], [0], [0], [1], [1]]","[[0], [0], [0], [0], [1], [1]]","[[1], [0], [0], [0], [1], [1]]","[[1], [1], [1], [1]]",1.0,1.0,1.0,1.0
15,15,pTet,pBAD,AraC,T10,pTac,AraC,"[[0], [0], [0], [0], [0], [0]]","[[1], [0], [0], [0], [0], [0]]","[[0], [0], [0], [0], [1], [1]]","[[1], [0], [0], [0], [1], [1]]","[[0], [0], [1], [1]]",0.0,0.0,1.0,1.0
16,16,pTet,pBAD,AraC,T10,pTac,PsrA,"[[0], [0], [0], [0], [0], [0]]","[[1], [0], [0], [0], [0], [0]]","[[0], [0], [0], [0], [1], [1]]","[[1], [0], [0], [0], [1], [1]]","[[0], [0], [1], [1]]",0.0,0.0,1.0,1.0
17,17,pTet,pBAD,AraC,T10,pTac,tfSp,"[[0], [0], [0], [0], [0], [0]]","[[1], [0], [0], [0], [0], [0]]","[[0], [0], [0], [0], [1], [1]]","[[1], [0], [0], [0], [1], [1]]","[[0], [0], [1], [1]]",0.0,0.0,1.0,1.0
18,18,pTet,pBAD,PsrA,pTet,pBAD,AraC,"[[0], [0], [0], [0], [0], [0]]","[[1], [0], [0], [1], [0], [0]]","[[0], [0], [0], [0], [0], [0]]","[[1], [0], [0], [1], [0], [0]]","[[0], [0], [0], [0]]",0.0,0.0,0.0,0.0
19,19,pTet,pBAD,PsrA,pTet,pBAD,PsrA,"[[0], [0], [0], [0], [0], [0]]","[[1], [0], [0], [1], [0], [0]]","[[0], [0], [0], [0], [0], [0]]","[[1], [0], [0], [1], [0], [0]]","[[0], [0], [0], [0]]",0.0,0.0,0.0,0.0
20,20,pTet,pBAD,PsrA,pTet,pBAD,tfSp,"[[0], [0], [0], [0], [0], [0]]","[[1], [0], [0], [1], [0], [0]]","[[0], [0], [0], [0], [0], [0]]","[[1], [0], [0], [1], [0], [0]]","[[0], [0], [0], [0]]",0.0,0.0,0.0,0.0
21,21,pTet,pBAD,PsrA,pTet,pPsrA,AraC,"[[0], [0], [0], [0], [1], [1]]","[[1], [0], [0], [1], [1], [1]]","[[0], [0], [0], [0], [1], [1]]","[[1], [0], [0], [1], [1], [1]]","[[1], [1], [1], [1]]",1.0,1.0,1.0,1.0
22,22,pTet,pBAD,PsrA,pTet,pPsrA,PsrA,"[[0, 0], [0, 0], [0, 0], [0, 0], [1, 0], [1, 0]]","[[1], [0], [0], [1], [1], [1]]","[[0, 0], [0, 0], [0, 0], [0, 0], [0, 1], [0, 1]]","[[1], [0], [0], [1], [1], [1]]","[[1, 0], [1], [0, 1], [1]]",0.5,1.0,0.5,1.0
23,23,pTet,pBAD,PsrA,pTet,pPsrA,tfSp,"[[0], [0], [0], [0], [1], [1]]","[[1], [0], [0], [1], [1], [1]]","[[0], [0], [0], [0], [1], [1]]","[[1], [0], [0], [1], [1], [1]]","[[1], [1], [1], [1]]",1.0,1.0,1.0,1.0
24,24,pTet,pBAD,PsrA,pTet,pTac,AraC,"[[0], [0], [0], [0], [0], [0]]","[[1], [0], [0], [1], [1], [1]]","[[0], [0], [0], [0], [1], [1]]","[[1], [0], [0], [1], [1], [1]]","[[0], [1], [1], [1]]",0.0,1.0,1.0,1.0
25,25,pTet,pBAD,PsrA,pTet,pTac,PsrA,"[[0], [0], [0], [0], [0], [0]]","[[1], [0], [0], [1], [1], [1]]","[[0], [0], [0], [0], [1], [1]]","[[1], [0], [0], [1], [1], [1]]","[[0], [1], [1], [1]]",0.0,1.0,1.0,1.0
26,26,pTet,pBAD,PsrA,pTet,pTac,tfSp,"[[0], [0], [0], [0], [0], [0]]","[[1], [0], [0], [1], [1], [1]]","[[0], [0], [0], [0], [1], [1]]","[[1], [0], [0], [1], [1], [1]]","[[0], [1], [1], [1]]",0.0,1.0,1.0,1.0
27,27,pTet,pBAD,PsrA,T10,pBAD,AraC,"[[0], [0], [0], [0], [0], [0]]","[[1], [0], [0], [0], [0], [0]]","[[0], [0], [0], [0], [0], [0]]","[[1], [0], [0], [0], [0], [0]]","[[0], [0], [0], [0]]",0.0,0.0,0.0,0.0
28,28,pTet,pBAD,PsrA,T10,pBAD,PsrA,"[[0], [0], [0], [0], [0], [0]]","[[1], [0], [0], [0], [0], [0]]","[[0], [0], [0], [0], [0], [0]]","[[1], [0], [0], [0], [0], [0]]","[[0], [0], [0], [0]]",0.0,0.0,0.0,0.0
29,29,pTet,pBAD,PsrA,T10,pBAD,tfSp,"[[0], [0], [0], [0], [0], [0]]","[[1], [0], [0], [0], [0], [0]]","[[0], [0], [0], [0], [0], [0]]","[[1], [0], [0], [0], [0], [0]]","[[0], [0], [0], [0]]",0.0,0.0,0.0,0.0
30,30,pTet,pBAD,PsrA,T10,pPsrA,AraC,"[[0], [0], [0], [0], [1], [1]]","[[1], [0], [0], [0], [1], [1]]","[[0], [0], [0], [0], [1], [1]]","[[1], [0], [0], [0], [1], [1]]","[[1], [1], [1], [1]]",1.0,1.0,1.0,1.0
31,31,pTet,pBAD,PsrA,T10,pPsrA,PsrA,"[[0, 0], [0, 0], [0, 0], [0, 0], [1, 0], [1, 0]]","[[1, 1], [0, 0], [0, 0], [0, 0], [0, 1], [0, 1]]","[[0, 0], [0, 0], [0, 0], [0, 0], [1, 0], [1, 0]]","[[1, 1], [0, 0], [0, 0], [0, 0], [0, 1], [0, 1]]","[[1, 0], [0, 1], [1, 0], [0, 1]]",0.5,0.5,0.5,0.5
32,32,pTet,pBAD,PsrA,T10,pPsrA,tfSp,"[[0], [0], [0], [0], [1], [1]]","[[1], [0], [0], [0], [1], [1]]","[[0], [0], [0], [0], [1], [1]]","[[1], [0], [0], [0], [1], [1]]","[[1], [1], [1], [1]]",1.0,1.0,1.0,1.0
33,33,pTet,pBAD,PsrA,T10,pTac,AraC,"[[0], [0], [0], [0], [0], [0]]","[[1], [0], [0], [0], [0], [0]]","[[0], [0], [0], [0], [1], [1]]","[[1], [0], [0], [0], [1], [1]]","[[0], [0], [1], [1]]",0.0,0.0,1.0,1.0
34,34,pTet,pBAD,PsrA,T10,pTac,PsrA,"[[0], [0], [0], [0], [0], [0]]","[[1], [0], [0], [0], [0], [0]]","[[0], [0], [0], [0], [1], [1]]","[[1], [0], [0], [0], [1], [1]]","[[0], [0], [1], [1]]",0.0,0.0,1.0,1.0
35,35,pTet,pBAD,PsrA,T10,pTac,tfSp,"[[0], [0], [0], [0], [0], [0]]","[[1], [0], [0], [0], [0], [0]]","[[0], [0], [0], [0], [1], [1]]","[[1], [0], [0], [0], [1], [1]]","[[0], [0], [1], [1]]",0.0,0.0,1.0,1.0
36,36,pTet,pBAD,tfSp,pTet,pBAD,AraC,"[[0], [0], [0], [0], [0], [0]]","[[1], [0], [0], [1], [0], [0]]","[[0], [0], [0], [0], [0], [0]]","[[1], [0], [0], [1], [0], [0]]","[[0], [0], [0], [0]]",0.0,0.0,0.0,0.0
37,37,pTet,pBAD,tfSp,pTet,pBAD,PsrA,"[[0], [0], [0], [0], [0], [0]]","[[1], [0], [0], [1], [0], [0]]","[[0], [0], [0], [0], [0], [0]]","[[1], [0], [0], [1], [0], [0]]","[[0], [0], [0], [0]]",0.0,0.0,0.0,0.0
38,38,pTet,pBAD,tfSp,pTet,pBAD,tfSp,"[[0], [0], [0], [0], [0], [0]]","[[1], [0], [0], [1], [0], [0]]","[[0], [0], [0], [0], [0], [0]]","[[1], [0], [0], [1], [0], [0]]","[[0], [0], [0], [0]]",0.0,0.0,0.0,0.0
39,39,pTet,pBAD,tfSp,pTet,pPsrA,AraC,"[[0], [0], [0], [0], [1], [1]]","[[1], [0], [0], [1], [1], [1]]","[[0], [0], [0], [0], [1], [1]]","[[1], [0], [0], [1], [1], [1]]","[[1], [1], [1], [1]]",1.0,1.0,1.0,1.0
40,40,pTet,pBAD,tfSp,pTet,pPsrA,PsrA,"[[0, 0], [0, 0], [0, 0], [0, 0], [1, 0], [1, 0]]","[[1], [0], [0], [1], [1], [1]]","[[0, 0], [0, 0], [0, 0], [0, 0], [0, 1], [0, 1]]","[[1], [0], [0], [1], [1], [1]]","[[1, 0], [1], [0, 1], [1]]",0.5,1.0,0.5,1.0
41,41,pTet,pBAD,tfSp,pTet,pPsrA,tfSp,"[[0], [0], [0], [0], [1], [1]]","[[1], [0], [0], [1], [1], [1]]","[[0], [0], [0], [0], [1], [1]]","[[1], [0], [0], [1], [1], [1]]","[[1], [1], [1], [1]]",1.0,1.0,1.0,1.0
42,42,pTet,pBAD,tfSp,pTet,pTac,AraC,"[[0], [0], [0], [0], [0], [0]]","[[1], [0], [0], [1], [1], [1]]","[[0], [0], [0], [0], [1], [1]]","[[1], [0], [0], [1], [1], [1]]","[[0], [1], [1], [1]]",0.0,1.0,1.0,1.0
43,43,pTet,pBAD,tfSp,pTet,pTac,PsrA,"[[0], [0], [0], [0], [0], [0]]","[[1], [0], [0], [1], [1], [1]]","[[0], [0], [0], [0], [1], [1]]","[[1], [0], [0], [1], [1], [1]]","[[0], [1], [1], [1]]",0.0,1.0,1.0,1.0
44,44,pTet,pBAD,tfSp,pTet,pTac,tfSp,"[[0], [0], [0], [0], [0], [0]]","[[1], [0], [0], [1], [1], [1]]","[[0], [0], [0], [0], [1], [1]]","[[1], [0], [0], [1], [1], [1]]","[[0], [1], [1], [1]]",0.0,1.0,1.0,1.0
45,45,pTet,pBAD,tfSp,T10,pBAD,AraC,"[[0], [0], [0], [0], [0], [0]]","[[1], [0], [0], [0], [0], [0]]","[[0], [0], [0], [0], [0], [0]]","[[1], [0], [0], [0], [0], [0]]","[[0], [0], [0], [0]]",0.0,0.0,0.0,0.0
46,46,pTet,pBAD,tfSp,T10,pBAD,PsrA,"[[0], [0], [0], [0], [0], [0]]","[[1], [0], [0], [0], [0], [0]]","[[0], [0], [0], [0], [0], [0]]","[[1], [0], [0], [0], [0], [0]]","[[0], [0], [0], [0]]",0.0,0.0,0.0,0.0
47,47,pTet,pBAD,tfSp,T10,pBAD,tfSp,"[[0], [0], [0], [0], [0], [0]]","[[1], [0], [0], [0], [0], [0]]","[[0], [0], [0], [0], [0], [0]]","[[1], [0], [0], [0], [0], [0]]","[[0], [0], [0], [0]]",0.0,0.0,0.0,0.0
48,48,pTet,pBAD,tfSp,T10,pPsrA,AraC,"[[0], [0], [0], [0], [1], [1]]","[[1], [0], [0], [0], [1], [1]]","[[0], [0], [0], [0], [1], [1]]","[[1], [0], [0], [0], [1], [1]]","[[1], [1], [1], [1]]",1.0,1.0,1.0,1.0
49,49,pTet,pBAD,tfSp,T10,pPsrA,PsrA,"[[0, 0], [0, 0], [0, 0], [0, 0], [1, 0], [1, 0]]","[[1, 1], [0, 0], [0, 0], [0, 0], [0, 1], [0, 1]]","[[0, 0], [0, 0], [0, 0], [0, 0], [1, 0], [1, 0]]","[[1, 1], [0, 0], [0, 0], [0, 0], [0, 1], [0, 1]]","[[1, 0], [0, 1], [1, 0], [0, 1]]",0.5,0.5,0.5,0.5
50,50,pTet,pBAD,tfSp,T10,pPsrA,tfSp,"[[0], [0], [0], [0], [1], [1]]","[[1], [0], [0], [0], [1], [1]]","[[0], [0], [0], [0], [1], [1]]","[[1], [0], [0], [0], [1], [1]]","[[1], [1], [1], [1]]",1.0,1.0,1.0,1.0
51,51,pTet,pBAD,tfSp,T10,pTac,AraC,"[[0], [0], [0], [0], [0], [0]]","[[1], [0], [0], [0], [0], [0]]","[[0], [0], [0], [0], [1], [1]]","[[1], [0], [0], [0], [1], [1]]","[[0], [0], [1], [1]]",0.0,0.0,1.0,1.0
52,52,pTet,pBAD,tfSp,T10,pTac,PsrA,"[[0], [0], [0], [0], [0], [0]]","[[1], [0], [0], [0], [0], [0]]","[[0], [0], [0], [0], [1], [1]]","[[1], [0], [0], [0], [1], [1]]","[[0], [0], [1], [1]]",0.0,0.0,1.0,1.0
53,53,pTet,pBAD,tfSp,T10,pTac,tfSp,"[[0], [0], [0], [0], [0], [0]]","[[1], [0], [0], [0], [0], [0]]","[[0], [0], [0], [0], [1], [1]]","[[1], [0], [0], [0], [1], [1]]","[[0], [0], [1], [1]]",0.0,0.0,1.0,1.0
54,54,pTet,pPsrA,AraC,pTet,pBAD,AraC,"[[0], [1], [1], [1], [0], [0]]","[[1], [1], [1], [1], [0], [0]]","[[0], [1], [1], [1], [0], [0]]","[[1], [1], [1], [1], [0], [0]]","[[0], [0], [0], [0]]",1.0,1.0,1.0,1.0
55,55,pTet,pPsrA,AraC,pTet,pBAD,PsrA,"[[0], [1], [1], [1], [0], [0]]","[[1], [1], [1], [1], [0], [0]]","[[0], [1], [1], [1], [0], [0]]","[[1], [1], [1], [1], [0], [0]]","[[0], [0], [0], [0]]",1.0,1.0,1.0,1.0
56,56,pTet,pPsrA,AraC,pTet,pBAD,tfSp,"[[0], [1], [1], [1], [0], [0]]","[[1], [1], [1], [1], [0], [0]]","[[0], [1], [1], [1], [0], [0]]","[[1], [1], [1], [1], [0], [0]]","[[0], [0], [0], [0]]",1.0,1.0,1.0,1.0
57,57,pTet,pPsrA,AraC,pTet,pPsrA,AraC,"[[0], [1], [1], [1], [1], [1]]","[[1], [1], [1], [1], [1], [1]]","[[0], [1], [1], [1], [1], [1]]","[[1], [1], [1], [1], [1], [1]]","[[1], [1], [1], [1]]",2.0,2.0,2.0,2.0
58,58,pTet,pPsrA,AraC,pTet,pPsrA,PsrA,"[[0, 0], [1, 0], [1, 0], [1, 0], [1, 0], [1, 0]]","[[1], [1], [1], [1], [1], [1]]","[[0, 0], [0, 1], [0, 1], [0, 1], [0, 1], [0, 1]]","[[1], [1], [1], [1], [1], [1]]","[[1, 0], [1], [0, 1], [1]]",1.0,2.0,1.0,2.0
59,59,pTet,pPsrA,AraC,pTet,pPsrA,tfSp,"[[0], [1], [1], [1], [1], [1]]","[[1], [1], [1], [1], [1], [1]]","[[0], [1], [1], [1], [1], [1]]","[[1], [1], [1], [1], [1], [1]]","[[1], [1], [1], [1]]",2.0,2.0,2.0,2.0
60,60,pTet,pPsrA,AraC,pTet,pTac,AraC,"[[0], [1], [1], [1], [1], [1]]","[[1], [1], [1], [1], [1], [1]]","[[0], [1], [1], [1], [1], [1]]","[[1], [1], [1], [1], [1], [1]]","[[1], [1], [1], [1]]",2.0,2.0,2.0,2.0
61,61,pTet,pPsrA,AraC,pTet,pTac,PsrA,"[[0, 0], [1, 0], [1, 0], [1, 0], [1, 0], [1, 0]]","[[1], [1], [1], [1], [1], [1]]","[[0], [0], [0], [0], [1], [1]]","[[1], [1], [1], [1], [1], [1]]","[[1, 0], [1], [1], [1]]",1.0,2.0,1.0,2.0
62,62,pTet,pPsrA,AraC,pTet,pTac,tfSp,"[[0], [1], [1], [1], [1], [1]]","[[1], [1], [1], [1], [1], [1]]","[[0], [1], [1], [1], [1], [1]]","[[1], [1], [1], [1], [1], [1]]","[[1], [1], [1], [1]]",2.0,2.0,2.0,2.0
63,63,pTet,pPsrA,AraC,T10,pBAD,AraC,"[[0], [1], [1], [0], [0], [0]]","[[1], [1], [1], [0], [0], [0]]","[[0], [1], [1], [0], [0], [0]]","[[1], [1], [1], [0], [0], [0]]","[[0], [0], [0], [0]]",1.0,1.0,1.0,1.0
64,64,pTet,pPsrA,AraC,T10,pBAD,PsrA,"[[0], [1], [1], [0], [0], [0]]","[[1], [1], [1], [0], [0], [0]]","[[0], [1], [1], [0], [0], [0]]","[[1], [1], [1], [0], [0], [0]]","[[0], [0], [0], [0]]",1.0,1.0,1.0,1.0
65,65,pTet,pPsrA,AraC,T10,pBAD,tfSp,"[[0], [1], [1], [0], [0], [0]]","[[1], [1], [1], [0], [0], [0]]","[[0], [1], [1], [0], [0], [0]]","[[1], [1], [1], [0], [0], [0]]","[[0], [0], [0], [0]]",1.0,1.0,1.0,1.0
66,66,pTet,pPsrA,AraC,T10,pPsrA,AraC,"[[0], [1], [1], [0], [1], [1]]","[[1], [1], [1], [0], [1], [1]]","[[0], [1], [1], [0], [1], [1]]","[[1], [1], [1], [0], [1], [1]]","[[1], [1], [1], [1]]",2.0,2.0,2.0,2.0
67,67,pTet,pPsrA,AraC,T10,pPsrA,PsrA,"[[0, 0], [1, 0], [1, 0], [0, 0], [1, 0], [1, 0]]","[[1, 1], [1, 1], [1, 1], [0, 0], [0, 1], [0, 1]]","[[0, 0], [1, 0], [1, 0], [0, 0], [1, 0], [1, 0]]","[[1, 1], [1, 1], [1, 1], [0, 0], [0, 1], [0, 1]]","[[1, 0], [0, 1], [1, 0], [0, 1]]",1.0,1.5,1.0,1.5
68,68,pTet,pPsrA,AraC,T10,pPsrA,tfSp,"[[0], [1], [1], [0], [1], [1]]","[[1], [1], [1], [0], [1], [1]]","[[0], [1], [1], [0], [1], [1]]","[[1], [1], [1], [0], [1], [1]]","[[1], [1], [1], [1]]",2.0,2.0,2.0,2.0
69,69,pTet,pPsrA,AraC,T10,pTac,AraC,"[[0], [1], [1], [0], [0], [0]]","[[1], [1], [1], [0], [0], [0]]","[[0], [1], [1], [0], [1], [1]]","[[1], [1], [1], [0], [1], [1]]","[[0], [0], [1], [1]]",1.0,1.0,2.0,2.0
70,70,pTet,pPsrA,AraC,T10,pTac,PsrA,"[[0], [1], [1], [0], [0], [0]]","[[1], [1], [1], [0], [0], [0]]","[[0], [0], [0], [0], [1], [1]]","[[1], [1], [1], [0], [1], [1]]","[[0], [0], [1], [1]]",1.0,1.0,1.0,2.0
71,71,pTet,pPsrA,AraC,T10,pTac,tfSp,"[[0], [1], [1], [0], [0], [0]]","[[1], [1], [1], [0], [0], [0]]","[[0], [1], [1], [0], [1], [1]]","[[1], [1], [1], [0], [1], [1]]","[[0], [0], [1], [1]]",1.0,1.0,2.0,2.0
72,72,pTet,pPsrA,PsrA,pTet,pBAD,AraC,"[[0, 0], [1, 0], [1, 0], [1, 0], [0, 0], [0, 0]]","[[1], [1], [1], [1], [0], [0]]","[[0, 0], [0, 1], [0, 1], [0, 1], [0, 0], [0, 0]]","[[1], [1], [1], [1], [0], [0]]","[[0], [0], [0], [0]]",0.5,1.0,0.5,1.0
73,73,pTet,pPsrA,PsrA,pTet,pBAD,PsrA,"[[0, 0], [1, 0], [1, 0], [1, 0], [0, 0], [0, 0]]","[[1], [1], [1], [1], [0], [0]]","[[0, 0], [0, 1], [0, 1], [0, 1], [0, 0], [0, 0]]","[[1], [1], [1], [1], [0], [0]]","[[0], [0], [0], [0]]",0.5,1.0,0.5,1.0
74,74,pTet,pPsrA,PsrA,pTet,pBAD,tfSp,"[[0, 0], [1, 0], [1, 0], [1, 0], [0, 0], [0, 0]]","[[1], [1], [1], [1], [0], [0]]","[[0, 0], [0, 1], [0, 1], [0, 1], [0, 0], [0, 0]]","[[1], [1], [1], [1], [0], [0]]","[[0], [0], [0], [0]]",0.5,1.0,0.5,1.0
75,75,pTet,pPsrA,PsrA,pTet,pPsrA,AraC,"[[0, 0], [1, 0], [1, 0], [1, 0], [1, 1], [1, 1]]","[[1], [1], [1], [1], [1], [1]]","[[0, 0], [0, 1], [0, 1], [0, 1], [1, 1], [1, 1]]","[[1], [1], [1], [1], [1], [1]]","[[1], [1], [1], [1]]",1.5,2.0,1.5,2.0
76,76,pTet,pPsrA,PsrA,pTet,pPsrA,PsrA,"[[0, 0], [1, 0], [1, 0], [1, 0], [1, 0], [1, 0]]","[[1], [1], [1], [1], [1], [1]]","[[0, 0], [0, 1], [0, 1], [0, 1], [0, 1], [0, 1]]","[[1], [1], [1], [1], [1], [1]]","[[1, 0], [1], [0, 1], [1]]",1.0,2.0,1.0,2.0
77,77,pTet,pPsrA,PsrA,pTet,pPsrA,tfSp,"[[0, 0], [1, 0], [1, 0], [1, 0], [1, 1], [1, 1]]","[[1], [1], [1], [1], [1], [1]]","[[0, 0], [0, 1], [0, 1], [0, 1], [1, 1], [1, 1]]","[[1], [1], [1], [1], [1], [1]]","[[1], [1], [1], [1]]",1.5,2.0,1.5,2.0
78,78,pTet,pPsrA,PsrA,pTet,pTac,AraC,"[[0, 0], [1, 0], [1, 0], [1, 0], [1, 0], [1, 0]]","[[1], [1], [1], [1], [1], [1]]","[[0, 0], [0, 1], [0, 1], [0, 1], [1, 1], [1, 1]]","[[1], [1], [1], [1], [1], [1]]","[[1, 0], [1], [1], [1]]",1.0,2.0,1.5,2.0
79,79,pTet,pPsrA,PsrA,pTet,pTac,PsrA,"[[0, 0], [1, 0], [1, 0], [1, 0], [1, 0], [1, 0]]","[[1], [1], [1], [1], [1], [1]]","[[0], [0], [0], [0], [1], [1]]","[[1], [1], [1], [1], [1], [1]]","[[1, 0], [1], [1], [1]]",1.0,2.0,1.0,2.0
80,80,pTet,pPsrA,PsrA,pTet,pTac,tfSp,"[[0, 0], [1, 0], [1, 0], [1, 0], [1, 0], [1, 0]]","[[1], [1], [1], [1], [1], [1]]","[[0, 0], [0, 1], [0, 1], [0, 1], [1, 1], [1, 1]]","[[1], [1], [1], [1], [1], [1]]","[[1, 0], [1], [1], [1]]",1.0,2.0,1.5,2.0
81,81,pTet,pPsrA,PsrA,T10,pBAD,AraC,"[[0, 0], [1, 0], [1, 0], [0, 0], [0, 0], [0, 0]]","[[1], [1], [1], [0], [0], [0]]","[[0, 0], [0, 1], [0, 1], [0, 0], [0, 0], [0, 0]]","[[1], [1], [1], [0], [0], [0]]","[[0], [0], [0], [0]]",0.5,1.0,0.5,1.0
82,82,pTet,pPsrA,PsrA,T10,pBAD,PsrA,"[[0, 0], [1, 0], [1, 0], [0, 0], [0, 0], [0, 0]]","[[1], [1], [1], [0], [0], [0]]","[[0, 0], [0, 1], [0, 1], [0, 0], [0, 0], [0, 0]]","[[1], [1], [1], [0], [0], [0]]","[[0], [0], [0], [0]]",0.5,1.0,0.5,1.0
83,83,pTet,pPsrA,PsrA,T10,pBAD,tfSp,"[[0, 0], [1, 0], [1, 0], [0, 0], [0, 0], [0, 0]]","[[1], [1], [1], [0], [0], [0]]","[[0, 0], [0, 1], [0, 1], [0, 0], [0, 0], [0, 0]]","[[1], [1], [1], [0], [0], [0]]","[[0], [0], [0], [0]]",0.5,1.0,0.5,1.0
84,84,pTet,pPsrA,PsrA,T10,pPsrA,AraC,"[[0, 0], [1, 0], [1, 0], [0, 0], [0, 1], [0, 1]]","[[1], [1], [1], [0], [0], [0]]","[[0, 0], [0, 1], [0, 1], [0, 0], [1, 0], [1, 0]]","[[1], [1], [1], [0], [0], [0]]","[[0, 1], [0], [1, 0], [0]]",1.0,1.0,1.0,1.0
85,85,pTet,pPsrA,PsrA,T10,pPsrA,PsrA,"[[0, 0, 0], [1, 0, 0], [1, 0, 0], [0, 0, 0], [0, 1, 0], [0, 1, 0]]","[[1], [1], [1], [0], [0], [0]]","[[0, 0, 0], [0, 0, 1], [0, 0, 1], [0, 0, 0], [1, 0, 0], [1, 0, 0]]","[[1], [1], [1], [0], [0], [0]]","[[0], [0], [1, 0, 0], [0]]",0.6666666666666666,1.0,0.6666666666666666,1.0
86,86,pTet,pPsrA,PsrA,T10,pPsrA,tfSp,"[[0, 0], [1, 0], [1, 0], [0, 0], [0, 1], [0, 1]]","[[1], [1], [1], [0], [0], [0]]","[[0, 0], [0, 1], [0, 1], [0, 0], [1, 0], [1, 0]]","[[1], [1], [1], [0], [0], [0]]","[[0, 1], [0], [1, 0], [0]]",1.0,1.0,1.0,1.0
87,87,pTet,pPsrA,PsrA,T10,pTac,AraC,"[[0, 0], [1, 0], [1, 0], [0, 0], [0, 0], [0, 0]]","[[1], [1], [1], [0], [0], [0]]","[[0, 0], [0, 1], [0, 1], [0, 0], [1, 1], [1, 1]]","[[1], [1], [1], [0], [1], [1]]","[[0], [0], [1], [1]]",0.5,1.0,1.5,2.0
88,88,pTet,pPsrA,PsrA,T10,pTac,PsrA,"[[0, 0], [1, 0], [1, 0], [0, 0], [0, 0], [0, 0]]","[[1], [1], [1], [0], [0], [0]]","[[0], [0], [0], [0], [1], [1]]","[[1], [1], [1], [0], [1], [1]]","[[0], [0], [1], [1]]",0.5,1.0,1.0,2.0
89,89,pTet,pPsrA,PsrA,T10,pTac,tfSp,"[[0, 0], [1, 0], [1, 0], [0, 0], [0, 0], [0, 0]]","[[1], [1], [1], [0], [0], [0]]","[[0, 0], [0, 1], [0, 1], [0, 0], [1, 1], [1, 1]]","[[1], [1], [1], [0], [1], [1]]","[[0], [0], [1], [1]]",0.5,1.0,1.5,2.0
90,90,pTet,pPsrA,tfSp,pTet,pBAD,AraC,"[[0], [1], [1], [1], [0], [0]]","[[1], [1], [1], [1], [0], [0]]","[[0], [1], [1], [1], [0], [0]]","[[1], [1], [1], [1], [0], [0]]","[[0], [0], [0], [0]]",1.0,1.0,1.0,1.0
91,91,pTet,pPsrA,tfSp,pTet,pBAD,PsrA,"[[0], [1], [1], [1], [0], [0]]","[[1], [1], [1], [1], [0], [0]]","[[0], [1], [1], [1], [0], [0]]","[[1], [1], [1], [1], [0], [0]]","[[0], [0], [0], [0]]",1.0,1.0,1.0,1.0
92,92,pTet,pPsrA,tfSp,pTet,pBAD,tfSp,"[[0], [1], [1], [1], [0], [0]]","[[1], [1], [1], [1], [0], [0]]","[[0], [1], [1], [1], [0], [0]]","[[1], [1], [1], [1], [0], [0]]","[[0], [0], [0], [0]]",1.0,1.0,1.0,1.0
93,93,pTet,pPsrA,tfSp,pTet,pPsrA,AraC,"[[0], [1], [1], [1], [1], [1]]","[[1], [1], [1], [1], [1], [1]]","[[0], [1], [1], [1], [1], [1]]","[[1], [1], [1], [1], [1], [1]]","[[1], [1], [1], [1]]",2.0,2.0,2.0,2.0
94,94,pTet,pPsrA,tfSp,pTet,pPsrA,PsrA,"[[0, 0], [1, 0], [1, 0], [1, 0], [1, 0], [1, 0]]","[[1], [1], [1], [1], [1], [1]]","[[0, 0], [0, 1], [0, 1], [0, 1], [0, 1], [0, 1]]","[[1], [1], [1], [1], [1], [1]]","[[1, 0], [1], [0, 1], [1]]",1.0,2.0,1.0,2.0
95,95,pTet,pPsrA,tfSp,pTet,pPsrA,tfSp,"[[0], [1], [1], [1], [1], [1]]","[[1], [1], [1], [1], [1], [1]]","[[0], [1], [1], [1], [1], [1]]","[[1], [1], [1], [1], [1], [1]]","[[1], [1], [1], [1]]",2.0,2.0,2.0,2.0
96,96,pTet,pPsrA,tfSp,pTet,pTac,AraC,"[[0], [1], [1], [1], [1], [1]]","[[1], [1], [1], [1], [1], [1]]","[[0], [1], [1], [1], [1], [1]]","[[1], [1], [1], [1], [1], [1]]","[[1], [1], [1], [1]]",2.0,2.0,2.0,2.0
97,97,pTet,pPsrA,tfSp,pTet,pTac,PsrA,"[[0, 0], [1, 0], [1, 0], [1, 0], [1, 0], [1, 0]]","[[1], [1], [1], [1], [1], [1]]","[[0], [0], [0], [0], [1], [1]]","[[1], [1], [1], [1], [1], [1]]","[[1, 0], [1], [1], [1]]",1.0,2.0,1.0,2.0
98,98,pTet,pPsrA,tfSp,pTet,pTac,tfSp,"[[0], [1], [1], [1], [1], [1]]","[[1], [1], [1], [1], [1], [1]]","[[0], [1], [1], [1], [1], [1]]","[[1], [1], [1], [1], [1], [1]]","[[1], [1], [1], [1]]",2.0,2.0,2.0,2.0
99,99,pTet,pPsrA,tfSp,T10,pBAD,AraC,"[[0], [1], [1], [0], [0], [0]]","[[1], [1], [1], [0], [0], [0]]","[[0], [1], [1], [0], [0], [0]]","[[1], [1], [1], [0], [0], [0]]","[[0], [0], [0], [0]]",1.0,1.0,1.0,1.0
100,100,pTet,pPsrA,tfSp,T10,pBAD,PsrA,"[[0], [1], [1], [0], [0], [0]]","[[1], [1], [1], [0], [0], [0]]","[[0], [1], [1], [0], [0], [0]]","[[1], [1], [1], [0], [0], [0]]","[[0], [0], [0], [0]]",1.0,1.0,1.0,1.0
101,101,pTet,pPsrA,tfSp,T10,pBAD,tfSp,"[[0], [1], [1], [0], [0], [0]]","[[1], [1], [1], [0], [0], [0]]","[[0], [1], [1], [0], [0], [0]]","[[1], [1], [1], [0], [0], [0]]","[[0], [0], [0], [0]]",1.0,1.0,1.0,1.0
102,102,pTet,pPsrA,tfSp,T10,pPsrA,AraC,"[[0], [1], [1], [0], [1], [1]]","[[1], [1], [1], [0], [1], [1]]","[[0], [1], [1], [0], [1], [1]]","[[1], [1], [1], [0], [1], [1]]","[[1], [1], [1], [1]]",2.0,2.0,2.0,2.0
103,103,pTet,pPsrA,tfSp,T10,pPsrA,PsrA,"[[0, 0], [1, 0], [1, 0], [0, 0], [1, 0], [1, 0]]","[[1, 1], [1, 1], [1, 1], [0, 0], [0, 1], [0, 1]]","[[0, 0], [1, 0], [1, 0], [0, 0], [1, 0], [1, 0]]","[[1, 1], [1, 1], [1, 1], [0, 0], [0, 1], [0, 1]]","[[1, 0], [0, 1], [1, 0], [0, 1]]",1.0,1.5,1.0,1.5
104,104,pTet,pPsrA,tfSp,T10,pPsrA,tfSp,"[[0], [1], [1], [0], [1], [1]]","[[1], [1], [1], [0], [1], [1]]","[[0], [1], [1], [0], [1], [1]]","[[1], [1], [1], [0], [1], [1]]","[[1], [1], [1], [1]]",2.0,2.0,2.0,2.0
105,105,pTet,pPsrA,tfSp,T10,pTac,AraC,"[[0], [1], [1], [0], [0], [0]]","[[1], [1], [1], [0], [0], [0]]","[[0], [1], [1], [0], [1], [1]]","[[1], [1], [1], [0], [1], [1]]","[[0], [0], [1], [1]]",1.0,1.0,2.0,2.0
106,106,pTet,pPsrA,tfSp,T10,pTac,PsrA,"[[0], [1], [1], [0], [0], [0]]","[[1], [1], [1], [0], [0], [0]]","[[0], [0], [0], [0], [1], [1]]","[[1], [1], [1], [0], [1], [1]]","[[0], [0], [1], [1]]",1.0,1.0,1.0,2.0
107,107,pTet,pPsrA,tfSp,T10,pTac,tfSp,"[[0], [1], [1], [0], [0], [0]]","[[1], [1], [1], [0], [0], [0]]","[[0], [1], [1], [0], [1], [1]]","[[1], [1], [1], [0], [1], [1]]","[[0], [0], [1], [1]]",1.0,1.0,2.0,2.0
108,108,pTet,pTac,AraC,pTet,pBAD,AraC,"[[0], [0], [0], [0], [0], [0]]","[[1], [1], [1], [1], [0], [0]]","[[0], [1], [1], [1], [0], [0]]","[[1], [1], [1], [1], [0], [0]]","[[0], [0], [0], [0]]",0.0,1.0,1.0,1.0
109,109,pTet,pTac,AraC,pTet,pBAD,PsrA,"[[0], [0], [0], [0], [0], [0]]","[[1], [1], [1], [1], [0], [0]]","[[0], [1], [1], [1], [0], [0]]","[[1], [1], [1], [1], [0], [0]]","[[0], [0], [0], [0]]",0.0,1.0,1.0,1.0
110,110,pTet,pTac,AraC,pTet,pBAD,tfSp,"[[0], [0], [0], [0], [0], [0]]","[[1], [1], [1], [1], [0], [0]]","[[0], [1], [1], [1], [0], [0]]","[[1], [1], [1], [1], [0], [0]]","[[0], [0], [0], [0]]",0.0,1.0,1.0,1.0
111,111,pTet,pTac,AraC,pTet,pPsrA,AraC,"[[0], [0], [0], [0], [1], [1]]","[[1], [1], [1], [1], [1], [1]]","[[0], [1], [1], [1], [1], [1]]","[[1], [1], [1], [1], [1], [1]]","[[1], [1], [1], [1]]",1.0,2.0,2.0,2.0
112,112,pTet,pTac,AraC,pTet,pPsrA,PsrA,"[[0, 0], [0, 0], [0, 0], [0, 0], [1, 0], [1, 0]]","[[1], [1], [1], [1], [1], [1]]","[[0], [1], [1], [1], [1], [1]]","[[1], [1], [1], [1], [1], [1]]","[[1, 0], [1], [1], [1]]",0.5,2.0,2.0,2.0
113,113,pTet,pTac,AraC,pTet,pPsrA,tfSp,"[[0], [0], [0], [0], [1], [1]]","[[1], [1], [1], [1], [1], [1]]","[[0], [1], [1], [1], [1], [1]]","[[1], [1], [1], [1], [1], [1]]","[[1], [1], [1], [1]]",1.0,2.0,2.0,2.0
114,114,pTet,pTac,AraC,pTet,pTac,AraC,"[[0], [0], [0], [0], [0], [0]]","[[1], [1], [1], [1], [1], [1]]","[[0], [1], [1], [1], [1], [1]]","[[1], [1], [1], [1], [1], [1]]","[[0], [1], [1], [1]]",0.0,2.0,2.0,2.0
115,115,pTet,pTac,AraC,pTet,pTac,PsrA,"[[0], [0], [0], [0], [0], [0]]","[[1], [1], [1], [1], [1], [1]]","[[0], [1], [1], [1], [1], [1]]","[[1], [1], [1], [1], [1], [1]]","[[0], [1], [1], [1]]",0.0,2.0,2.0,2.0
116,116,pTet,pTac,AraC,pTet,pTac,tfSp,"[[0], [0], [0], [0], [0], [0]]","[[1], [1], [1], [1], [1], [1]]","[[0], [1], [1], [1], [1], [1]]","[[1], [1], [1], [1], [1], [1]]","[[0], [1], [1], [1]]",0.0,2.0,2.0,2.0
117,117,pTet,pTac,AraC,T10,pBAD,AraC,"[[0], [0], [0], [0], [0], [0]]","[[1], [1], [1], [0], [0], [0]]","[[0], [1], [1], [0], [0], [0]]","[[1], [1], [1], [0], [0], [0]]","[[0], [0], [0], [0]]",0.0,1.0,1.0,1.0
118,118,pTet,pTac,AraC,T10,pBAD,PsrA,"[[0], [0], [0], [0], [0], [0]]","[[1], [1], [1], [0], [0], [0]]","[[0], [1], [1], [0], [0], [0]]","[[1], [1], [1], [0], [0], [0]]","[[0], [0], [0], [0]]",0.0,1.0,1.0,1.0
119,119,pTet,pTac,AraC,T10,pBAD,tfSp,"[[0], [0], [0], [0], [0], [0]]","[[1], [1], [1], [0], [0], [0]]","[[0], [1], [1], [0], [0], [0]]","[[1], [1], [1], [0], [0], [0]]","[[0], [0], [0], [0]]",0.0,1.0,1.0,1.0
120,120,pTet,pTac,AraC,T10,pPsrA,AraC,"[[0], [0], [0], [0], [1], [1]]","[[1], [1], [1], [0], [1], [1]]","[[0], [1], [1], [0], [1], [1]]","[[1], [1], [1], [0], [1], [1]]","[[1], [1], [1], [1]]",1.0,2.0,2.0,2.0
121,121,pTet,pTac,AraC,T10,pPsrA,PsrA,"[[0, 0], [0, 0], [0, 0], [0, 0], [1, 0], [1, 0]]","[[1, 1], [1, 1], [1, 1], [0, 0], [0, 1], [0, 1]]","[[0, 0], [1, 1], [1, 1], [0, 0], [1, 0], [1, 0]]","[[1, 1], [1, 1], [1, 1], [0, 0], [0, 1], [0, 1]]","[[1, 0], [0, 1], [1, 0], [0, 1]]",0.5,1.5,1.5,1.5
122,122,pTet,pTac,AraC,T10,pPsrA,tfSp,"[[0], [0], [0], [0], [1], [1]]","[[1], [1], [1], [0], [1], [1]]","[[0], [1], [1], [0], [1], [1]]","[[1], [1], [1], [0], [1], [1]]","[[1], [1], [1], [1]]",1.0,2.0,2.0,2.0
123,123,pTet,pTac,AraC,T10,pTac,AraC,"[[0], [0], [0], [0], [0], [0]]","[[1], [1], [1], [0], [0], [0]]","[[0], [1], [1], [0], [1], [1]]","[[1], [1], [1], [0], [1], [1]]","[[0], [0], [1], [1]]",0.0,1.0,2.0,2.0
124,124,pTet,pTac,AraC,T10,pTac,PsrA,"[[0], [0], [0], [0], [0], [0]]","[[1], [1], [1], [0], [0], [0]]","[[0], [1], [1], [0], [1], [1]]","[[1], [1], [1], [0], [1], [1]]","[[0], [0], [1], [1]]",0.0,1.0,2.0,2.0
125,125,pTet,pTac,AraC,T10,pTac,tfSp,"[[0], [0], [0], [0], [0], [0]]","[[1], [1], [1], [0], [0], [0]]","[[0], [1], [1], [0], [1], [1]]","[[1], [1], [1], [0], [1], [1]]","[[0], [0], [1], [1]]",0.0,1.0,2.0,2.0
126,126,pTet,pTac,PsrA,pTet,pBAD,AraC,"[[0], [0], [0], [0], [0], [0]]","[[1], [1], [1], [1], [0], [0]]","[[0], [1], [1], [1], [0], [0]]","[[1], [1], [1], [1], [0], [0]]","[[0], [0], [0], [0]]",0.0,1.0,1.0,1.0
127,127,pTet,pTac,PsrA,pTet,pBAD,PsrA,"[[0], [0], [0], [0], [0], [0]]","[[1], [1], [1], [1], [0], [0]]","[[0], [1], [1], [1], [0], [0]]","[[1], [1], [1], [1], [0], [0]]","[[0], [0], [0], [0]]",0.0,1.0,1.0,1.0
128,128,pTet,pTac,PsrA,pTet,pBAD,tfSp,"[[0], [0], [0], [0], [0], [0]]","[[1], [1], [1], [1], [0], [0]]","[[0], [1], [1], [1], [0], [0]]","[[1], [1], [1], [1], [0], [0]]","[[0], [0], [0], [0]]",0.0,1.0,1.0,1.0
129,129,pTet,pTac,PsrA,pTet,pPsrA,AraC,"[[0], [0], [0], [0], [1], [1]]","[[1], [1], [1], [1], [1], [1]]","[[0], [1], [1], [1], [1], [1]]","[[1], [1], [1], [1], [1], [1]]","[[1], [1], [1], [1]]",1.0,2.0,2.0,2.0
130,130,pTet,pTac,PsrA,pTet,pPsrA,PsrA,"[[0, 0], [0, 0], [0, 0], [0, 0], [1, 0], [1, 0]]","[[1], [1], [1], [1], [1], [1]]","[[0], [1], [1], [1], [1], [1]]","[[1], [1], [1], [1], [1], [1]]","[[1, 0], [1], [1], [1]]",0.5,2.0,2.0,2.0
131,131,pTet,pTac,PsrA,pTet,pPsrA,tfSp,"[[0], [0], [0], [0], [1], [1]]","[[1], [1], [1], [1], [1], [1]]","[[0], [1], [1], [1], [1], [1]]","[[1], [1], [1], [1], [1], [1]]","[[1], [1], [1], [1]]",1.0,2.0,2.0,2.0
132,132,pTet,pTac,PsrA,pTet,pTac,AraC,"[[0], [0], [0], [0], [0], [0]]","[[1], [1], [1], [1], [1], [1]]","[[0], [1], [1], [1], [1], [1]]","[[1], [1], [1], [1], [1], [1]]","[[0], [1], [1], [1]]",0.0,2.0,2.0,2.0
133,133,pTet,pTac,PsrA,pTet,pTac,PsrA,"[[0], [0], [0], [0], [0], [0]]","[[1], [1], [1], [1], [1], [1]]","[[0], [1], [1], [1], [1], [1]]","[[1], [1], [1], [1], [1], [1]]","[[0], [1], [1], [1]]",0.0,2.0,2.0,2.0
134,134,pTet,pTac,PsrA,pTet,pTac,tfSp,"[[0], [0], [0], [0], [0], [0]]","[[1], [1], [1], [1], [1], [1]]","[[0], [1], [1], [1], [1], [1]]","[[1], [1], [1], [1], [1], [1]]","[[0], [1], [1], [1]]",0.0,2.0,2.0,2.0
135,135,pTet,pTac,PsrA,T10,pBAD,AraC,"[[0], [0], [0], [0], [0], [0]]","[[1], [1], [1], [0], [0], [0]]","[[0], [1], [1], [0], [0], [0]]","[[1], [1], [1], [0], [0], [0]]","[[0], [0], [0], [0]]",0.0,1.0,1.0,1.0
136,136,pTet,pTac,PsrA,T10,pBAD,PsrA,"[[0], [0], [0], [0], [0], [0]]","[[1], [1], [1], [0], [0], [0]]","[[0], [1], [1], [0], [0], [0]]","[[1], [1], [1], [0], [0], [0]]","[[0], [0], [0], [0]]",0.0,1.0,1.0,1.0
137,137,pTet,pTac,PsrA,T10,pBAD,tfSp,"[[0], [0], [0], [0], [0], [0]]","[[1], [1], [1], [0], [0], [0]]","[[0], [1], [1], [0], [0], [0]]","[[1], [1], [1], [0], [0], [0]]","[[0], [0], [0], [0]]",0.0,1.0,1.0,1.0
138,138,pTet,pTac,PsrA,T10,pPsrA,AraC,"[[0], [0], [0], [0], [1], [1]]","[[1], [1], [1], [0], [0], [0]]","[[0], [1], [1], [0], [0], [0]]","[[1], [1], [1], [0], [0], [0]]","[[1], [0], [0], [0]]",1.0,1.0,1.0,1.0
139,139,pTet,pTac,PsrA,T10,pPsrA,PsrA,"[[0, 0], [0, 0], [0, 0], [0, 0], [1, 0], [1, 0]]","[[1], [1], [1], [0], [0], [0]]","[[0], [1], [1], [0], [0], [0]]","[[1], [1], [1], [0], [0], [0]]","[[1, 0], [0], [0], [0]]",0.5,1.0,1.0,1.0
140,140,pTet,pTac,PsrA,T10,pPsrA,tfSp,"[[0], [0], [0], [0], [1], [1]]","[[1], [1], [1], [0], [0], [0]]","[[0], [1], [1], [0], [0], [0]]","[[1], [1], [1], [0], [0], [0]]","[[1], [0], [0], [0]]",1.0,1.0,1.0,1.0
141,141,pTet,pTac,PsrA,T10,pTac,AraC,"[[0], [0], [0], [0], [0], [0]]","[[1], [1], [1], [0], [0], [0]]","[[0], [1], [1], [0], [1], [1]]","[[1], [1], [1], [0], [1], [1]]","[[0], [0], [1], [1]]",0.0,1.0,2.0,2.0
142,142,pTet,pTac,PsrA,T10,pTac,PsrA,"[[0], [0], [0], [0], [0], [0]]","[[1], [1], [1], [0], [0], [0]]","[[0], [1], [1], [0], [1], [1]]","[[1], [1], [1], [0], [1], [1]]","[[0], [0], [1], [1]]",0.0,1.0,2.0,2.0
143,143,pTet,pTac,PsrA,T10,pTac,tfSp,"[[0], [0], [0], [0], [0], [0]]","[[1], [1], [1], [0], [0], [0]]","[[0], [1], [1], [0], [1], [1]]","[[1], [1], [1], [0], [1], [1]]","[[0], [0], [1], [1]]",0.0,1.0,2.0,2.0
144,144,pTet,pTac,tfSp,pTet,pBAD,AraC,"[[0], [0], [0], [0], [0], [0]]","[[1], [1], [1], [1], [0], [0]]","[[0], [1], [1], [1], [0], [0]]","[[1], [1], [1], [1], [0], [0]]","[[0], [0], [0], [0]]",0.0,1.0,1.0,1.0
145,145,pTet,pTac,tfSp,pTet,pBAD,PsrA,"[[0], [0], [0], [0], [0], [0]]","[[1], [1], [1], [1], [0], [0]]","[[0], [1], [1], [1], [0], [0]]","[[1], [1], [1], [1], [0], [0]]","[[0], [0], [0], [0]]",0.0,1.0,1.0,1.0
146,146,pTet,pTac,tfSp,pTet,pBAD,tfSp,"[[0], [0], [0], [0], [0], [0]]","[[1], [1], [1], [1], [0], [0]]","[[0], [1], [1], [1], [0], [0]]","[[1], [1], [1], [1], [0], [0]]","[[0], [0], [0], [0]]",0.0,1.0,1.0,1.0
147,147,pTet,pTac,tfSp,pTet,pPsrA,AraC,"[[0], [0], [0], [0], [1], [1]]","[[1], [1], [1], [1], [1], [1]]","[[0], [1], [1], [1], [1], [1]]","[[1], [1], [1], [1], [1], [1]]","[[1], [1], [1], [1]]",1.0,2.0,2.0,2.0
148,148,pTet,pTac,tfSp,pTet,pPsrA,PsrA,"[[0, 0], [0, 0], [0, 0], [0, 0], [1, 0], [1, 0]]","[[1], [1], [1], [1], [1], [1]]","[[0], [1], [1], [1], [1], [1]]","[[1], [1], [1], [1], [1], [1]]","[[1, 0], [1], [1], [1]]",0.5,2.0,2.0,2.0
149,149,pTet,pTac,tfSp,pTet,pPsrA,tfSp,"[[0], [0], [0], [0], [1], [1]]","[[1], [1], [1], [1], [1], [1]]","[[0], [1], [1], [1], [1], [1]]","[[1], [1], [1], [1], [1], [1]]","[[1], [1], [1], [1]]",1.0,2.0,2.0,2.0
150,150,pTet,pTac,tfSp,pTet,pTac,AraC,"[[0], [0], [0], [0], [0], [0]]","[[1], [1], [1], [1], [1], [1]]","[[0], [1], [1], [1], [1], [1]]","[[1], [1], [1], [1], [1], [1]]","[[0], [1], [1], [1]]",0.0,2.0,2.0,2.0
151,151,pTet,pTac,tfSp,pTet,pTac,PsrA,"[[0], [0], [0], [0], [0], [0]]","[[1], [1], [1], [1], [1], [1]]","[[0], [1], [1], [1], [1], [1]]","[[1], [1], [1], [1], [1], [1]]","[[0], [1], [1], [1]]",0.0,2.0,2.0,2.0
152,152,pTet,pTac,tfSp,pTet,pTac,tfSp,"[[0], [0], [0], [0], [0], [0]]","[[1], [1], [1], [1], [1], [1]]","[[0], [1], [1], [1], [1], [1]]","[[1], [1], [1], [1], [1], [1]]","[[0], [1], [1], [1]]",0.0,2.0,2.0,2.0
153,153,pTet,pTac,tfSp,T10,pBAD,AraC,"[[0], [0], [0], [0], [0], [0]]","[[1], [1], [1], [0], [0], [0]]","[[0], [1], [1], [0], [0], [0]]","[[1], [1], [1], [0], [0], [0]]","[[0], [0], [0], [0]]",0.0,1.0,1.0,1.0
154,154,pTet,pTac,tfSp,T10,pBAD,PsrA,"[[0], [0], [0], [0], [0], [0]]","[[1], [1], [1], [0], [0], [0]]","[[0], [1], [1], [0], [0], [0]]","[[1], [1], [1], [0], [0], [0]]","[[0], [0], [0], [0]]",0.0,1.0,1.0,1.0
155,155,pTet,pTac,tfSp,T10,pBAD,tfSp,"[[0], [0], [0], [0], [0], [0]]","[[1], [1], [1], [0], [0], [0]]","[[0], [1], [1], [0], [0], [0]]","[[1], [1], [1], [0], [0], [0]]","[[0], [0], [0], [0]]",0.0,1.0,1.0,1.0
156,156,pTet,pTac,tfSp,T10,pPsrA,AraC,"[[0], [0], [0], [0], [1], [1]]","[[1], [1], [1], [0], [1], [1]]","[[0], [1], [1], [0], [1], [1]]","[[1], [1], [1], [0], [1], [1]]","[[1], [1], [1], [1]]",1.0,2.0,2.0,2.0
157,157,pTet,pTac,tfSp,T10,pPsrA,PsrA,"[[0, 0], [0, 0], [0, 0], [0, 0], [1, 0], [1, 0]]","[[1, 1], [1, 1], [1, 1], [0, 0], [0, 1], [0, 1]]","[[0, 0], [1, 1], [1, 1], [0, 0], [1, 0], [1, 0]]","[[1, 1], [1, 1], [1, 1], [0, 0], [0, 1], [0, 1]]","[[1, 0], [0, 1], [1, 0], [0, 1]]",0.5,1.5,1.5,1.5
158,158,pTet,pTac,tfSp,T10,pPsrA,tfSp,"[[0], [0], [0], [0], [1], [1]]","[[1], [1], [1], [0], [1], [1]]","[[0], [1], [1], [0], [1], [1]]","[[1], [1], [1], [0], [1], [1]]","[[1], [1], [1], [1]]",1.0,2.0,2.0,2.0
159,159,pTet,pTac,tfSp,T10,pTac,AraC,"[[0], [0], [0], [0], [0], [0]]","[[1], [1], [1], [0], [0], [0]]","[[0], [1], [1], [0], [1], [1]]","[[1], [1], [1], [0], [1], [1]]","[[0], [0], [1], [1]]",0.0,1.0,2.0,2.0
160,160,pTet,pTac,tfSp,T10,pTac,PsrA,"[[0], [0], [0], [0], [0], [0]]","[[1], [1], [1], [0], [0], [0]]","[[0], [1], [1], [0], [1], [1]]","[[1], [1], [1], [0], [1], [1]]","[[0], [0], [1], [1]]",0.0,1.0,2.0,2.0
161,161,pTet,pTac,tfSp,T10,pTac,tfSp,"[[0], [0], [0], [0], [0], [0]]","[[1], [1], [1], [0], [0], [0]]","[[0], [1], [1], [0], [1], [1]]","[[1], [1], [1], [0], [1], [1]]","[[0], [0], [1], [1]]",0.0,1.0,2.0,2.0
162,162,T10,pBAD,AraC,pTet,pBAD,AraC,"[[0], [0], [0], [0], [0], [0]]","[[0], [0], [0], [1], [0], [0]]","[[0], [0], [0], [0], [0], [0]]","[[0], [0], [0], [1], [0], [0]]","[[0], [0], [0], [0]]",0.0,0.0,0.0,0.0
163,163,T10,pBAD,AraC,pTet,pBAD,PsrA,"[[0], [0], [0], [0], [0], [0]]","[[0], [0], [0], [1], [0], [0]]","[[0], [0], [0], [0], [0], [0]]","[[0], [0], [0], [1], [0], [0]]","[[0], [0], [0], [0]]",0.0,0.0,0.0,0.0
164,164,T10,pBAD,AraC,pTet,pBAD,tfSp,"[[0], [0], [0], [0], [0], [0]]","[[0], [0], [0], [1], [0], [0]]","[[0], [0], [0], [0], [0], [0]]","[[0], [0], [0], [1], [0], [0]]","[[0], [0], [0], [0]]",0.0,0.0,0.0,0.0
165,165,T10,pBAD,AraC,pTet,pPsrA,AraC,"[[0], [0], [0], [0], [1], [1]]","[[0], [0], [0], [1], [1], [1]]","[[0], [0], [0], [0], [1], [1]]","[[0], [0], [0], [1], [1], [1]]","[[1], [1], [1], [1]]",1.0,1.0,1.0,1.0
166,166,T10,pBAD,AraC,pTet,pPsrA,PsrA,"[[0, 0], [0, 0], [0, 0], [0, 0], [1, 0], [1, 0]]","[[0], [0], [0], [1], [1], [1]]","[[0, 0], [0, 0], [0, 0], [0, 0], [0, 1], [0, 1]]","[[0], [0], [0], [1], [1], [1]]","[[1, 0], [1], [0, 1], [1]]",0.5,1.0,0.5,1.0
167,167,T10,pBAD,AraC,pTet,pPsrA,tfSp,"[[0], [0], [0], [0], [1], [1]]","[[0], [0], [0], [1], [1], [1]]","[[0], [0], [0], [0], [1], [1]]","[[0], [0], [0], [1], [1], [1]]","[[1], [1], [1], [1]]",1.0,1.0,1.0,1.0
168,168,T10,pBAD,AraC,pTet,pTac,AraC,"[[0], [0], [0], [0], [0], [0]]","[[0], [0], [0], [1], [1], [1]]","[[0], [0], [0], [0], [1], [1]]","[[0], [0], [0], [1], [1], [1]]","[[0], [1], [1], [1]]",0.0,1.0,1.0,1.0
169,169,T10,pBAD,AraC,pTet,pTac,PsrA,"[[0], [0], [0], [0], [0], [0]]","[[0], [0], [0], [1], [1], [1]]","[[0], [0], [0], [0], [1], [1]]","[[0], [0], [0], [1], [1], [1]]","[[0], [1], [1], [1]]",0.0,1.0,1.0,1.0
170,170,T10,pBAD,AraC,pTet,pTac,tfSp,"[[0], [0], [0], [0], [0], [0]]","[[0], [0], [0], [1], [1], [1]]","[[0], [0], [0], [0], [1], [1]]","[[0], [0], [0], [1], [1], [1]]","[[0], [1], [1], [1]]",0.0,1.0,1.0,1.0
171,171,T10,pBAD,AraC,T10,pBAD,AraC,"[[0], [0], [0], [0], [0], [0]]","[[0], [0], [0], [0], [0], [0]]","[[0], [0], [0], [0], [0], [0]]","[[0], [0], [0], [0], [0], [0]]","[[0], [0], [0], [0]]",0.0,0.0,0.0,0.0
172,172,T10,pBAD,AraC,T10,pBAD,PsrA,"[[0], [0], [0], [0], [0], [0]]","[[0], [0], [0], [0], [0], [0]]","[[0], [0], [0], [0], [0], [0]]","[[0], [0], [0], [0], [0], [0]]","[[0], [0], [0], [0]]",0.0,0.0,0.0,0.0
173,173,T10,pBAD,AraC,T10,pBAD,tfSp,"[[0], [0], [0], [0], [0], [0]]","[[0], [0], [0], [0], [0], [0]]","[[0], [0], [0], [0], [0], [0]]","[[0], [0], [0], [0], [0], [0]]","[[0], [0], [0], [0]]",0.0,0.0,0.0,0.0
174,174,T10,pBAD,AraC,T10,pPsrA,AraC,"[[0], [0], [0], [0], [1], [1]]","[[0], [0], [0], [0], [1], [1]]","[[0], [0], [0], [0], [1], [1]]","[[0], [0], [0], [0], [1], [1]]","[[1], [1], [1], [1]]",1.0,1.0,1.0,1.0
175,175,T10,pBAD,AraC,T10,pPsrA,PsrA,"[[0, 0], [0, 0], [0, 0], [0, 0], [1, 0], [1, 0]]","[[0, 0], [0, 0], [0, 0], [0, 0], [0, 1], [0, 1]]","[[0, 0], [0, 0], [0, 0], [0, 0], [1, 0], [1, 0]]","[[0, 0], [0, 0], [0, 0], [0, 0], [0, 1], [0, 1]]","[[1, 0], [0, 1], [1, 0], [0, 1]]",0.5,0.5,0.5,0.5
176,176,T10,pBAD,AraC,T10,pPsrA,tfSp,"[[0], [0], [0], [0], [1], [1]]","[[0], [0], [0], [0], [1], [1]]","[[0], [0], [0], [0], [1], [1]]","[[0], [0], [0], [0], [1], [1]]","[[1], [1], [1], [1]]",1.0,1.0,1.0,1.0
177,177,T10,pBAD,AraC,T10,pTac,AraC,"[[0], [0], [0], [0], [0], [0]]","[[0], [0], [0], [0], [0], [0]]","[[0], [0], [0], [0], [1], [1]]","[[0], [0], [0], [0], [1], [1]]","[[0], [0], [1], [1]]",0.0,0.0,1.0,1.0
178,178,T10,pBAD,AraC,T10,pTac,PsrA,"[[0], [0], [0], [0], [0], [0]]","[[0], [0], [0], [0], [0], [0]]","[[0], [0], [0], [0], [1], [1]]","[[0], [0], [0], [0], [1], [1]]","[[0], [0], [1], [1]]",0.0,0.0,1.0,1.0
179,179,T10,pBAD,AraC,T10,pTac,tfSp,"[[0], [0], [0], [0], [0], [0]]","[[0], [0], [0], [0], [0], [0]]","[[0], [0], [0], [0], [1], [1]]","[[0], [0], [0], [0], [1], [1]]","[[0], [0], [1], [1]]",0.0,0.0,1.0,1.0
180,180,T10,pBAD,PsrA,pTet,pBAD,AraC,"[[0], [0], [0], [0], [0], [0]]","[[0], [0], [0], [1], [0], [0]]","[[0], [0], [0], [0], [0], [0]]","[[0], [0], [0], [1], [0], [0]]","[[0], [0], [0], [0]]",0.0,0.0,0.0,0.0
181,181,T10,pBAD,PsrA,pTet,pBAD,PsrA,"[[0], [0], [0], [0], [0], [0]]","[[0], [0], [0], [1], [0], [0]]","[[0], [0], [0], [0], [0], [0]]","[[0], [0], [0], [1], [0], [0]]","[[0], [0], [0], [0]]",0.0,0.0,0.0,0.0
182,182,T10,pBAD,PsrA,pTet,pBAD,tfSp,"[[0], [0], [0], [0], [0], [0]]","[[0], [0], [0], [1], [0], [0]]","[[0], [0], [0], [0], [0], [0]]","[[0], [0], [0], [1], [0], [0]]","[[0], [0], [0], [0]]",0.0,0.0,0.0,0.0
183,183,T10,pBAD,PsrA,pTet,pPsrA,AraC,"[[0], [0], [0], [0], [1], [1]]","[[0], [0], [0], [1], [1], [1]]","[[0], [0], [0], [0], [1], [1]]","[[0], [0], [0], [1], [1], [1]]","[[1], [1], [1], [1]]",1.0,1.0,1.0,1.0
184,184,T10,pBAD,PsrA,pTet,pPsrA,PsrA,"[[0, 0], [0, 0], [0, 0], [0, 0], [1, 0], [1, 0]]","[[0], [0], [0], [1], [1], [1]]","[[0, 0], [0, 0], [0, 0], [0, 0], [0, 1], [0, 1]]","[[0], [0], [0], [1], [1], [1]]","[[1, 0], [1], [0, 1], [1]]",0.5,1.0,0.5,1.0
185,185,T10,pBAD,PsrA,pTet,pPsrA,tfSp,"[[0], [0], [0], [0], [1], [1]]","[[0], [0], [0], [1], [1], [1]]","[[0], [0], [0], [0], [1], [1]]","[[0], [0], [0], [1], [1], [1]]","[[1], [1], [1], [1]]",1.0,1.0,1.0,1.0
186,186,T10,pBAD,PsrA,pTet,pTac,AraC,"[[0], [0], [0], [0], [0], [0]]","[[0], [0], [0], [1], [1], [1]]","[[0], [0], [0], [0], [1], [1]]","[[0], [0], [0], [1], [1], [1]]","[[0], [1], [1], [1]]",0.0,1.0,1.0,1.0
187,187,T10,pBAD,PsrA,pTet,pTac,PsrA,"[[0], [0], [0], [0], [0], [0]]","[[0], [0], [0], [1], [1], [1]]","[[0], [0], [0], [0], [1], [1]]","[[0], [0], [0], [1], [1], [1]]","[[0], [1], [1], [1]]",0.0,1.0,1.0,1.0
188,188,T10,pBAD,PsrA,pTet,pTac,tfSp,"[[0], [0], [0], [0], [0], [0]]","[[0], [0], [0], [1], [1], [1]]","[[0], [0], [0], [0], [1], [1]]","[[0], [0], [0], [1], [1], [1]]","[[0], [1], [1], [1]]",0.0,1.0,1.0,1.0
189,189,T10,pBAD,PsrA,T10,pBAD,AraC,"[[0], [0], [0], [0], [0], [0]]","[[0], [0], [0], [0], [0], [0]]","[[0], [0], [0], [0], [0], [0]]","[[0], [0], [0], [0], [0], [0]]","[[0], [0], [0], [0]]",0.0,0.0,0.0,0.0
190,190,T10,pBAD,PsrA,T10,pBAD,PsrA,"[[0], [0], [0], [0], [0], [0]]","[[0], [0], [0], [0], [0], [0]]","[[0], [0], [0], [0], [0], [0]]","[[0], [0], [0], [0], [0], [0]]","[[0], [0], [0], [0]]",0.0,0.0,0.0,0.0
191,191,T10,pBAD,PsrA,T10,pBAD,tfSp,"[[0], [0], [0], [0], [0], [0]]","[[0], [0], [0], [0], [0], [0]]","[[0], [0], [0], [0], [0], [0]]","[[0], [0], [0], [0], [0], [0]]","[[0], [0], [0], [0]]",0.0,0.0,0.0,0.0
192,192,T10,pBAD,PsrA,T10,pPsrA,AraC,"[[0], [0], [0], [0], [1], [1]]","[[0], [0], [0], [0], [1], [1]]","[[0], [0], [0], [0], [1], [1]]","[[0], [0], [0], [0], [1], [1]]","[[1], [1], [1], [1]]",1.0,1.0,1.0,1.0
193,193,T10,pBAD,PsrA,T10,pPsrA,PsrA,"[[0, 0], [0, 0], [0, 0], [0, 0], [1, 0], [1, 0]]","[[0, 0], [0, 0], [0, 0], [0, 0], [0, 1], [0, 1]]","[[0, 0], [0, 0], [0, 0], [0, 0], [1, 0], [1, 0]]","[[0, 0], [0, 0], [0, 0], [0, 0], [0, 1], [0, 1]]","[[1, 0], [0, 1], [1, 0], [0, 1]]",0.5,0.5,0.5,0.5
194,194,T10,pBAD,PsrA,T10,pPsrA,tfSp,"[[0], [0], [0], [0], [1], [1]]","[[0], [0], [0], [0], [1], [1]]","[[0], [0], [0], [0], [1], [1]]","[[0], [0], [0], [0], [1], [1]]","[[1], [1], [1], [1]]",1.0,1.0,1.0,1.0
195,195,T10,pBAD,PsrA,T10,pTac,AraC,"[[0], [0], [0], [0], [0], [0]]","[[0], [0], [0], [0], [0], [0]]","[[0], [0], [0], [0], [1], [1]]","[[0], [0], [0], [0], [1], [1]]","[[0], [0], [1], [1]]",0.0,0.0,1.0,1.0
196,196,T10,pBAD,PsrA,T10,pTac,PsrA,"[[0], [0], [0], [0], [0], [0]]","[[0], [0], [0], [0], [0], [0]]","[[0], [0], [0], [0], [1], [1]]","[[0], [0], [0], [0], [1], [1]]","[[0], [0], [1], [1]]",0.0,0.0,1.0,1.0
197,197,T10,pBAD,PsrA,T10,pTac,tfSp,"[[0], [0], [0], [0], [0], [0]]","[[0], [0], [0], [0], [0], [0]]","[[0], [0], [0], [0], [1], [1]]","[[0], [0], [0], [0], [1], [1]]","[[0], [0], [1], [1]]",0.0,0.0,1.0,1.0
198,198,T10,pBAD,tfSp,pTet,pBAD,AraC,"[[0], [0], [0], [0], [0], [0]]","[[0], [0], [0], [1], [0], [0]]","[[0], [0], [0], [0], [0], [0]]","[[0], [0], [0], [1], [0], [0]]","[[0], [0], [0], [0]]",0.0,0.0,0.0,0.0
199,199,T10,pBAD,tfSp,pTet,pBAD,PsrA,"[[0], [0], [0], [0], [0], [0]]","[[0], [0], [0], [1], [0], [0]]","[[0], [0], [0], [0], [0], [0]]","[[0], [0], [0], [1], [0], [0]]","[[0], [0], [0], [0]]",0.0,0.0,0.0,0.0
200,200,T10,pBAD,tfSp,pTet,pBAD,tfSp,"[[0], [0], [0], [0], [0], [0]]","[[0], [0], [0], [1], [0], [0]]","[[0], [0], [0], [0], [0], [0]]","[[0], [0], [0], [1], [0], [0]]","[[0], [0], [0], [0]]",0.0,0.0,0.0,0.0
201,201,T10,pBAD,tfSp,pTet,pPsrA,AraC,"[[0], [0], [0], [0], [1], [1]]","[[0], [0], [0], [1], [1], [1]]","[[0], [0], [0], [0], [1], [1]]","[[0], [0], [0], [1], [1], [1]]","[[1], [1], [1], [1]]",1.0,1.0,1.0,1.0
202,202,T10,pBAD,tfSp,pTet,pPsrA,PsrA,"[[0, 0], [0, 0], [0, 0], [0, 0], [1, 0], [1, 0]]","[[0], [0], [0], [1], [1], [1]]","[[0, 0], [0, 0], [0, 0], [0, 0], [0, 1], [0, 1]]","[[0], [0], [0], [1], [1], [1]]","[[1, 0], [1], [0, 1], [1]]",0.5,1.0,0.5,1.0
203,203,T10,pBAD,tfSp,pTet,pPsrA,tfSp,"[[0], [0], [0], [0], [1], [1]]","[[0], [0], [0], [1], [1], [1]]","[[0], [0], [0], [0], [1], [1]]","[[0], [0], [0], [1], [1], [1]]","[[1], [1], [1], [1]]",1.0,1.0,1.0,1.0
204,204,T10,pBAD,tfSp,pTet,pTac,AraC,"[[0], [0], [0], [0], [0], [0]]","[[0], [0], [0], [1], [1], [1]]","[[0], [0], [0], [0], [1], [1]]","[[0], [0], [0], [1], [1], [1]]","[[0], [1], [1], [1]]",0.0,1.0,1.0,1.0
205,205,T10,pBAD,tfSp,pTet,pTac,PsrA,"[[0], [0], [0], [0], [0], [0]]","[[0], [0], [0], [1], [1], [1]]","[[0], [0], [0], [0], [1], [1]]","[[0], [0], [0], [1], [1], [1]]","[[0], [1], [1], [1]]",0.0,1.0,1.0,1.0
206,206,T10,pBAD,tfSp,pTet,pTac,tfSp,"[[0], [0], [0], [0], [0], [0]]","[[0], [0], [0], [1], [1], [1]]","[[0], [0], [0], [0], [1], [1]]","[[0], [0], [0], [1], [1], [1]]","[[0], [1], [1], [1]]",0.0,1.0,1.0,1.0
207,207,T10,pBAD,tfSp,T10,pBAD,AraC,"[[0], [0], [0], [0], [0], [0]]","[[0], [0], [0], [0], [0], [0]]","[[0], [0], [0], [0], [0], [0]]","[[0], [0], [0], [0], [0], [0]]","[[0], [0], [0], [0]]",0.0,0.0,0.0,0.0
208,208,T10,pBAD,tfSp,T10,pBAD,PsrA,"[[0], [0], [0], [0], [0], [0]]","[[0], [0], [0], [0], [0], [0]]","[[0], [0], [0], [0], [0], [0]]","[[0], [0], [0], [0], [0], [0]]","[[0], [0], [0], [0]]",0.0,0.0,0.0,0.0
209,209,T10,pBAD,tfSp,T10,pBAD,tfSp,"[[0], [0], [0], [0], [0], [0]]","[[0], [0], [0], [0], [0], [0]]","[[0], [0], [0], [0], [0], [0]]","[[0], [0], [0], [0], [0], [0]]","[[0], [0], [0], [0]]",0.0,0.0,0.0,0.0
210,210,T10,pBAD,tfSp,T10,pPsrA,AraC,"[[0], [0], [0], [0], [1], [1]]","[[0], [0], [0], [0], [1], [1]]","[[0], [0], [0], [0], [1], [1]]","[[0], [0], [0], [0], [1], [1]]","[[1], [1], [1], [1]]",1.0,1.0,1.0,1.0
211,211,T10,pBAD,tfSp,T10,pPsrA,PsrA,"[[0, 0], [0, 0], [0, 0], [0, 0], [1, 0], [1, 0]]","[[0, 0], [0, 0], [0, 0], [0, 0], [0, 1], [0, 1]]","[[0, 0], [0, 0], [0, 0], [0, 0], [1, 0], [1, 0]]","[[0, 0], [0, 0], [0, 0], [0, 0], [0, 1], [0, 1]]","[[1, 0], [0, 1], [1, 0], [0, 1]]",0.5,0.5,0.5,0.5
212,212,T10,pBAD,tfSp,T10,pPsrA,tfSp,"[[0], [0], [0], [0], [1], [1]]","[[0], [0], [0], [0], [1], [1]]","[[0], [0], [0], [0], [1], [1]]","[[0], [0], [0], [0], [1], [1]]","[[1], [1], [1], [1]]",1.0,1.0,1.0,1.0
213,213,T10,pBAD,tfSp,T10,pTac,AraC,"[[0], [0], [0], [0], [0], [0]]","[[0], [0], [0], [0], [0], [0]]","[[0], [0], [0], [0], [1], [1]]","[[0], [0], [0], [0], [1], [1]]","[[0], [0], [1], [1]]",0.0,0.0,1.0,1.0
214,214,T10,pBAD,tfSp,T10,pTac,PsrA,"[[0], [0], [0], [0], [0], [0]]","[[0], [0], [0], [0], [0], [0]]","[[0], [0], [0], [0], [1], [1]]","[[0], [0], [0], [0], [1], [1]]","[[0], [0], [1], [1]]",0.0,0.0,1.0,1.0
215,215,T10,pBAD,tfSp,T10,pTac,tfSp,"[[0], [0], [0], [0], [0], [0]]","[[0], [0], [0], [0], [0], [0]]","[[0], [0], [0], [0], [1], [1]]","[[0], [0], [0], [0], [1], [1]]","[[0], [0], [1], [1]]",0.0,0.0,1.0,1.0
216,216,T10,pPsrA,AraC,pTet,pBAD,AraC,"[[0], [1], [1], [1], [0], [0]]","[[0], [1], [1], [1], [0], [0]]","[[0], [1], [1], [1], [0], [0]]","[[0], [1], [1], [1], [0], [0]]","[[0], [0], [0], [0]]",1.0,1.0,1.0,1.0
217,217,T10,pPsrA,AraC,pTet,pBAD,PsrA,"[[0], [1], [1], [1], [0], [0]]","[[0], [1], [1], [1], [0], [0]]","[[0], [1], [1], [1], [0], [0]]","[[0], [1], [1], [1], [0], [0]]","[[0], [0], [0], [0]]",1.0,1.0,1.0,1.0
218,218,T10,pPsrA,AraC,pTet,pBAD,tfSp,"[[0], [1], [1], [1], [0], [0]]","[[0], [1], [1], [1], [0], [0]]","[[0], [1], [1], [1], [0], [0]]","[[0], [1], [1], [1], [0], [0]]","[[0], [0], [0], [0]]",1.0,1.0,1.0,1.0
219,219,T10,pPsrA,AraC,pTet,pPsrA,AraC,"[[0], [1], [1], [1], [1], [1]]","[[0], [1], [1], [1], [1], [1]]","[[0], [1], [1], [1], [1], [1]]","[[0], [1], [1], [1], [1], [1]]","[[1], [1], [1], [1]]",2.0,2.0,2.0,2.0
220,220,T10,pPsrA,AraC,pTet,pPsrA,PsrA,"[[0, 0], [1, 0], [1, 0], [1, 0], [1, 0], [1, 0]]","[[0], [0], [0], [1], [1], [1]]","[[0, 0], [0, 1], [0, 1], [0, 1], [0, 1], [0, 1]]","[[0], [0], [0], [1], [1], [1]]","[[1, 0], [1], [0, 1], [1]]",1.0,1.0,1.0,1.0
221,221,T10,pPsrA,AraC,pTet,pPsrA,tfSp,"[[0], [1], [1], [1], [1], [1]]","[[0], [1], [1], [1], [1], [1]]","[[0], [1], [1], [1], [1], [1]]","[[0], [1], [1], [1], [1], [1]]","[[1], [1], [1], [1]]",2.0,2.0,2.0,2.0
222,222,T10,pPsrA,AraC,pTet,pTac,AraC,"[[0], [1], [1], [1], [1], [1]]","[[0], [1], [1], [1], [1], [1]]","[[0], [1], [1], [1], [1], [1]]","[[0], [1], [1], [1], [1], [1]]","[[1], [1], [1], [1]]",2.0,2.0,2.0,2.0
223,223,T10,pPsrA,AraC,pTet,pTac,PsrA,"[[0, 0], [1, 0], [1, 0], [1, 0], [1, 0], [1, 0]]","[[0], [0], [0], [1], [1], [1]]","[[0], [0], [0], [0], [1], [1]]","[[0], [0], [0], [1], [1], [1]]","[[1, 0], [1], [1], [1]]",1.0,1.0,1.0,1.0
224,224,T10,pPsrA,AraC,pTet,pTac,tfSp,"[[0], [1], [1], [1], [1], [1]]","[[0], [1], [1], [1], [1], [1]]","[[0], [1], [1], [1], [1], [1]]","[[0], [1], [1], [1], [1], [1]]","[[1], [1], [1], [1]]",2.0,2.0,2.0,2.0
225,225,T10,pPsrA,AraC,T10,pBAD,AraC,"[[0], [1], [1], [0], [0], [0]]","[[0], [1], [1], [0], [0], [0]]","[[0], [1], [1], [0], [0], [0]]","[[0], [1], [1], [0], [0], [0]]","[[0], [0], [0], [0]]",1.0,1.0,1.0,1.0
226,226,T10,pPsrA,AraC,T10,pBAD,PsrA,"[[0], [1], [1], [0], [0], [0]]","[[0], [1], [1], [0], [0], [0]]","[[0], [1], [1], [0], [0], [0]]","[[0], [1], [1], [0], [0], [0]]","[[0], [0], [0], [0]]",1.0,1.0,1.0,1.0
227,227,T10,pPsrA,AraC,T10,pBAD,tfSp,"[[0], [1], [1], [0], [0], [0]]","[[0], [1], [1], [0], [0], [0]]","[[0], [1], [1], [0], [0], [0]]","[[0], [1], [1], [0], [0], [0]]","[[0], [0], [0], [0]]",1.0,1.0,1.0,1.0
228,228,T10,pPsrA,AraC,T10,pPsrA,AraC,"[[0], [1], [1], [0], [1], [1]]","[[0], [1], [1], [0], [1], [1]]","[[0], [1], [1], [0], [1], [1]]","[[0], [1], [1], [0], [1], [1]]","[[1], [1], [1], [1]]",2.0,2.0,2.0,2.0
229,229,T10,pPsrA,AraC,T10,pPsrA,PsrA,"[[0, 0], [1, 0], [1, 0], [0, 0], [1, 0], [1, 0]]","[[0, 0], [0, 1], [0, 1], [0, 0], [0, 1], [0, 1]]","[[0, 0], [1, 0], [1, 0], [0, 0], [1, 0], [1, 0]]","[[0, 0], [0, 1], [0, 1], [0, 0], [0, 1], [0, 1]]","[[1, 0], [0, 1], [1, 0], [0, 1]]",1.0,1.0,1.0,1.0
230,230,T10,pPsrA,AraC,T10,pPsrA,tfSp,"[[0], [1], [1], [0], [1], [1]]","[[0], [1], [1], [0], [1], [1]]","[[0], [1], [1], [0], [1], [1]]","[[0], [1], [1], [0], [1], [1]]","[[1], [1], [1], [1]]",2.0,2.0,2.0,2.0
231,231,T10,pPsrA,AraC,T10,pTac,AraC,"[[0], [1], [1], [0], [0], [0]]","[[0], [1], [1], [0], [0], [0]]","[[0], [1], [1], [0], [1], [1]]","[[0], [1], [1], [0], [1], [1]]","[[0], [0], [1], [1]]",1.0,1.0,2.0,2.0
232,232,T10,pPsrA,AraC,T10,pTac,PsrA,"[[0], [1], [1], [0], [0], [0]]","[[0], [1], [1], [0], [0], [0]]","[[0], [0], [0], [0], [1], [1]]","[[0], [0], [0], [0], [1], [1]]","[[0], [0], [1], [1]]",1.0,1.0,1.0,1.0
233,233,T10,pPsrA,AraC,T10,pTac,tfSp,"[[0], [1], [1], [0], [0], [0]]","[[0], [1], [1], [0], [0], [0]]","[[0], [1], [1], [0], [1], [1]]","[[0], [1], [1], [0], [1], [1]]","[[0], [0], [1], [1]]",1.0,1.0,2.0,2.0
234,234,T10,pPsrA,PsrA,pTet,pBAD,AraC,"[[0, 0], [1, 0], [1, 0], [1, 0], [0, 0], [0, 0]]","[[0, 0], [0, 1], [0, 1], [1, 1], [0, 0], [0, 0]]","[[0, 0], [1, 0], [1, 0], [1, 0], [0, 0], [0, 0]]","[[0, 0], [0, 1], [0, 1], [1, 1], [0, 0], [0, 0]]","[[0], [0], [0], [0]]",0.5,0.5,0.5,0.5
235,235,T10,pPsrA,PsrA,pTet,pBAD,PsrA,"[[0, 0], [1, 0], [1, 0], [1, 0], [0, 0], [0, 0]]","[[0, 0], [0, 1], [0, 1], [1, 1], [0, 0], [0, 0]]","[[0, 0], [1, 0], [1, 0], [1, 0], [0, 0], [0, 0]]","[[0, 0], [0, 1], [0, 1], [1, 1], [0, 0], [0, 0]]","[[0], [0], [0], [0]]",0.5,0.5,0.5,0.5
236,236,T10,pPsrA,PsrA,pTet,pBAD,tfSp,"[[0, 0], [1, 0], [1, 0], [1, 0], [0, 0], [0, 0]]","[[0, 0], [0, 1], [0, 1], [1, 1], [0, 0], [0, 0]]","[[0, 0], [1, 0], [1, 0], [1, 0], [0, 0], [0, 0]]","[[0, 0], [0, 1], [0, 1], [1, 1], [0, 0], [0, 0]]","[[0], [0], [0], [0]]",0.5,0.5,0.5,0.5
237,237,T10,pPsrA,PsrA,pTet,pPsrA,AraC,"[[0, 0], [1, 0], [1, 0], [1, 0], [1, 1], [1, 1]]","[[0, 0], [0, 1], [0, 1], [1, 1], [1, 1], [1, 1]]","[[0, 0], [1, 0], [1, 0], [1, 0], [1, 1], [1, 1]]","[[0, 0], [0, 1], [0, 1], [1, 1], [1, 1], [1, 1]]","[[1], [1], [1], [1]]",1.5,1.5,1.5,1.5
238,238,T10,pPsrA,PsrA,pTet,pPsrA,PsrA,"[[0, 0], [1, 0], [1, 0], [1, 0], [1, 0], [1, 0]]","[[0], [0], [0], [1], [1], [1]]","[[0, 0], [0, 1], [0, 1], [0, 1], [0, 1], [0, 1]]","[[0], [0], [0], [1], [1], [1]]","[[1, 0], [1], [0, 1], [1]]",1.0,1.0,1.0,1.0
239,239,T10,pPsrA,PsrA,pTet,pPsrA,tfSp,"[[0, 0], [1, 0], [1, 0], [1, 0], [1, 1], [1, 1]]","[[0, 0], [0, 1], [0, 1], [1, 1], [1, 1], [1, 1]]","[[0, 0], [1, 0], [1, 0], [1, 0], [1, 1], [1, 1]]","[[0, 0], [0, 1], [0, 1], [1, 1], [1, 1], [1, 1]]","[[1], [1], [1], [1]]",1.5,1.5,1.5,1.5
240,240,T10,pPsrA,PsrA,pTet,pTac,AraC,"[[0, 0], [1, 0], [1, 0], [1, 0], [1, 0], [1, 0]]","[[0, 0], [0, 1], [0, 1], [1, 1], [1, 1], [1, 1]]","[[0, 0], [1, 0], [1, 0], [1, 0], [1, 1], [1, 1]]","[[0, 0], [0, 1], [0, 1], [1, 1], [1, 1], [1, 1]]","[[1, 0], [1], [1], [1]]",1.0,1.5,1.5,1.5
241,241,T10,pPsrA,PsrA,pTet,pTac,PsrA,"[[0, 0], [1, 0], [1, 0], [1, 0], [1, 0], [1, 0]]","[[0], [0], [0], [1], [1], [1]]","[[0], [0], [0], [0], [1], [1]]","[[0], [0], [0], [1], [1], [1]]","[[1, 0], [1], [1], [1]]",1.0,1.0,1.0,1.0
242,242,T10,pPsrA,PsrA,pTet,pTac,tfSp,"[[0, 0], [1, 0], [1, 0], [1, 0], [1, 0], [1, 0]]","[[0, 0], [0, 1], [0, 1], [1, 1], [1, 1], [1, 1]]","[[0, 0], [1, 0], [1, 0], [1, 0], [1, 1], [1, 1]]","[[0, 0], [0, 1], [0, 1], [1, 1], [1, 1], [1, 1]]","[[1, 0], [1], [1], [1]]",1.0,1.5,1.5,1.5
243,243,T10,pPsrA,PsrA,T10,pBAD,AraC,"[[0, 0], [1, 0], [1, 0], [0, 0], [0, 0], [0, 0]]","[[0, 0], [0, 1], [0, 1], [0, 0], [0, 0], [0, 0]]","[[0, 0], [1, 0], [1, 0], [0, 0], [0, 0], [0, 0]]","[[0, 0], [0, 1], [0, 1], [0, 0], [0, 0], [0, 0]]","[[0], [0], [0], [0]]",0.5,0.5,0.5,0.5
244,244,T10,pPsrA,PsrA,T10,pBAD,PsrA,"[[0, 0], [1, 0], [1, 0], [0, 0], [0, 0], [0, 0]]","[[0, 0], [0, 1], [0, 1], [0, 0], [0, 0], [0, 0]]","[[0, 0], [1, 0], [1, 0], [0, 0], [0, 0], [0, 0]]","[[0, 0], [0, 1], [0, 1], [0, 0], [0, 0], [0, 0]]","[[0], [0], [0], [0]]",0.5,0.5,0.5,0.5
245,245,T10,pPsrA,PsrA,T10,pBAD,tfSp,"[[0, 0], [1, 0], [1, 0], [0, 0], [0, 0], [0, 0]]","[[0, 0], [0, 1], [0, 1], [0, 0], [0, 0], [0, 0]]","[[0, 0], [1, 0], [1, 0], [0, 0], [0, 0], [0, 0]]","[[0, 0], [0, 1], [0, 1], [0, 0], [0, 0], [0, 0]]","[[0], [0], [0], [0]]",0.5,0.5,0.5,0.5
246,246,T10,pPsrA,PsrA,T10,pPsrA,AraC,"[[0, 0], [1, 0], [1, 0], [0, 0], [0, 1], [0, 1]]","[[0, 0], [0, 1], [0, 1], [0, 0], [1, 0], [1, 0]]","[[0, 0], [1, 0], [1, 0], [0, 0], [0, 1], [0, 1]]","[[0, 0], [0, 1], [0, 1], [0, 0], [1, 0], [1, 0]]","[[0, 1], [1, 0], [0, 1], [1, 0]]",1.0,1.0,1.0,1.0
247,247,T10,pPsrA,PsrA,T10,pPsrA,PsrA,"[[0, 0, 0], [1, 0, 0], [1, 0, 0], [0, 0, 0], [0, 1, 0], [0, 1, 0]]","[[0, 0, 0], [0, 0, 1], [0, 0, 1], [0, 0, 0], [1, 0, 0], [1, 0, 0]]","[[0, 0, 0], [0, 1, 0], [0, 1, 0], [0, 0, 0], [0, 0, 1], [0, 0, 1]]","[[0, 0, 0], [1, 0, 0], [1, 0, 0], [0, 0, 0], [0, 1, 0], [0, 1, 0]]","[[0], [1, 0, 0], [0, 0, 1], [0]]",0.6666666666666666,0.6666666666666666,0.6666666666666666,0.6666666666666666
248,248,T10,pPsrA,PsrA,T10,pPsrA,tfSp,"[[0, 0], [1, 0], [1, 0], [0, 0], [0, 1], [0, 1]]","[[0, 0], [0, 1], [0, 1], [0, 0], [1, 0], [1, 0]]","[[0, 0], [1, 0], [1, 0], [0, 0], [0, 1], [0, 1]]","[[0, 0], [0, 1], [0, 1], [0, 0], [1, 0], [1, 0]]","[[0, 1], [1, 0], [0, 1], [1, 0]]",1.0,1.0,1.0,1.0
249,249,T10,pPsrA,PsrA,T10,pTac,AraC,"[[0, 0], [1, 0], [1, 0], [0, 0], [0, 0], [0, 0]]","[[0, 0], [0, 1], [0, 1], [0, 0], [0, 0], [0, 0]]","[[0, 0], [1, 0], [1, 0], [0, 0], [1, 1], [1, 1]]","[[0, 0], [0, 1], [0, 1], [0, 0], [1, 1], [1, 1]]","[[0], [0], [1], [1]]",0.5,0.5,1.5,1.5
250,250,T10,pPsrA,PsrA,T10,pTac,PsrA,"[[0, 0], [1, 0], [1, 0], [0, 0], [0, 0], [0, 0]]","[[0, 0], [0, 1], [0, 1], [0, 0], [0, 0], [0, 0]]","[[0], [0], [0], [0], [1], [1]]","[[0], [0], [0], [0], [1], [1]]","[[0], [0], [1], [1]]",0.5,0.5,1.0,1.0
251,251,T10,pPsrA,PsrA,T10,pTac,tfSp,"[[0, 0], [1, 0], [1, 0], [0, 0], [0, 0], [0, 0]]","[[0, 0], [0, 1], [0, 1], [0, 0], [0, 0], [0, 0]]","[[0, 0], [1, 0], [1, 0], [0, 0], [1, 1], [1, 1]]","[[0, 0], [0, 1], [0, 1], [0, 0], [1, 1], [1, 1]]","[[0], [0], [1], [1]]",0.5,0.5,1.5,1.5
252,252,T10,pPsrA,tfSp,pTet,pBAD,AraC,"[[0], [1], [1], [1], [0], [0]]","[[0], [1], [1], [1], [0], [0]]","[[0], [1], [1], [1], [0], [0]]","[[0], [1], [1], [1], [0], [0]]","[[0], [0], [0], [0]]",1.0,1.0,1.0,1.0
253,253,T10,pPsrA,tfSp,pTet,pBAD,PsrA,"[[0], [1], [1], [1], [0], [0]]","[[0], [1], [1], [1], [0], [0]]","[[0], [1], [1], [1], [0], [0]]","[[0], [1], [1], [1], [0], [0]]","[[0], [0], [0], [0]]",1.0,1.0,1.0,1.0
254,254,T10,pPsrA,tfSp,pTet,pBAD,tfSp,"[[0], [1], [1], [1], [0], [0]]","[[0], [1], [1], [1], [0], [0]]","[[0], [1], [1], [1], [0], [0]]","[[0], [1], [1], [1], [0], [0]]","[[0], [0], [0], [0]]",1.0,1.0,1.0,1.0
255,255,T10,pPsrA,tfSp,pTet,pPsrA,AraC,"[[0], [1], [1], [1], [1], [1]]","[[0], [1], [1], [1], [1], [1]]","[[0], [1], [1], [1], [1], [1]]","[[0], [1], [1], [1], [1], [1]]","[[1], [1], [1], [1]]",2.0,2.0,2.0,2.0
256,256,T10,pPsrA,tfSp,pTet,pPsrA,PsrA,"[[0, 0], [1, 0], [1, 0], [1, 0], [1, 0], [1, 0]]","[[0], [0], [0], [1], [1], [1]]","[[0, 0], [0, 1], [0, 1], [0, 1], [0, 1], [0, 1]]","[[0], [0], [0], [1], [1], [1]]","[[1, 0], [1], [0, 1], [1]]",1.0,1.0,1.0,1.0
257,257,T10,pPsrA,tfSp,pTet,pPsrA,tfSp,"[[0], [1], [1], [1], [1], [1]]","[[0], [1], [1], [1], [1], [1]]","[[0], [1], [1], [1], [1], [1]]","[[0], [1], [1], [1], [1], [1]]","[[1], [1], [1], [1]]",2.0,2.0,2.0,2.0
258,258,T10,pPsrA,tfSp,pTet,pTac,AraC,"[[0], [1], [1], [1], [1], [1]]","[[0], [1], [1], [1], [1], [1]]","[[0], [1], [1], [1], [1], [1]]","[[0], [1], [1], [1], [1], [1]]","[[1], [1], [1], [1]]",2.0,2.0,2.0,2.0
259,259,T10,pPsrA,tfSp,pTet,pTac,PsrA,"[[0, 0], [1, 0], [1, 0], [1, 0], [1, 0], [1, 0]]","[[0], [0], [0], [1], [1], [1]]","[[0], [0], [0], [0], [1], [1]]","[[0], [0], [0], [1], [1], [1]]","[[1, 0], [1], [1], [1]]",1.0,1.0,1.0,1.0
260,260,T10,pPsrA,tfSp,pTet,pTac,tfSp,"[[0], [1], [1], [1], [1], [1]]","[[0], [1], [1], [1], [1], [1]]","[[0], [1], [1], [1], [1], [1]]","[[0], [1], [1], [1], [1], [1]]","[[1], [1], [1], [1]]",2.0,2.0,2.0,2.0
261,261,T10,pPsrA,tfSp,T10,pBAD,AraC,"[[0], [1], [1], [0], [0], [0]]","[[0], [1], [1], [0], [0], [0]]","[[0], [1], [1], [0], [0], [0]]","[[0], [1], [1], [0], [0], [0]]","[[0], [0], [0], [0]]",1.0,1.0,1.0,1.0
262,262,T10,pPsrA,tfSp,T10,pBAD,PsrA,"[[0], [1], [1], [0], [0], [0]]","[[0], [1], [1], [0], [0], [0]]","[[0], [1], [1], [0], [0], [0]]","[[0], [1], [1], [0], [0], [0]]","[[0], [0], [0], [0]]",1.0,1.0,1.0,1.0
263,263,T10,pPsrA,tfSp,T10,pBAD,tfSp,"[[0], [1], [1], [0], [0], [0]]","[[0], [1], [1], [0], [0], [0]]","[[0], [1], [1], [0], [0], [0]]","[[0], [1], [1], [0], [0], [0]]","[[0], [0], [0], [0]]",1.0,1.0,1.0,1.0
264,264,T10,pPsrA,tfSp,T10,pPsrA,AraC,"[[0], [1], [1], [0], [1], [1]]","[[0], [1], [1], [0], [1], [1]]","[[0], [1], [1], [0], [1], [1]]","[[0], [1], [1], [0], [1], [1]]","[[1], [1], [1], [1]]",2.0,2.0,2.0,2.0
265,265,T10,pPsrA,tfSp,T10,pPsrA,PsrA,"[[0, 0], [1, 0], [1, 0], [0, 0], [1, 0], [1, 0]]","[[0, 0], [0, 1], [0, 1], [0, 0], [0, 1], [0, 1]]","[[0, 0], [1, 0], [1, 0], [0, 0], [1, 0], [1, 0]]","[[0, 0], [0, 1], [0, 1], [0, 0], [0, 1], [0, 1]]","[[1, 0], [0, 1], [1, 0], [0, 1]]",1.0,1.0,1.0,1.0
266,266,T10,pPsrA,tfSp,T10,pPsrA,tfSp,"[[0], [1], [1], [0], [1], [1]]","[[0], [1], [1], [0], [1], [1]]","[[0], [1], [1], [0], [1], [1]]","[[0], [1], [1], [0], [1], [1]]","[[1], [1], [1], [1]]",2.0,2.0,2.0,2.0
267,267,T10,pPsrA,tfSp,T10,pTac,AraC,"[[0], [1], [1], [0], [0], [0]]","[[0], [1], [1], [0], [0], [0]]","[[0], [1], [1], [0], [1], [1]]","[[0], [1], [1], [0], [1], [1]]","[[0], [0], [1], [1]]",1.0,1.0,2.0,2.0
268,268,T10,pPsrA,tfSp,T10,pTac,PsrA,"[[0], [1], [1], [0], [0], [0]]","[[0], [1], [1], [0], [0], [0]]","[[0], [0], [0], [0], [1], [1]]","[[0], [0], [0], [0], [1], [1]]","[[0], [0], [1], [1]]",1.0,1.0,1.0,1.0
269,269,T10,pPsrA,tfSp,T10,pTac,tfSp,"[[0], [1], [1], [0], [0], [0]]","[[0], [1], [1], [0], [0], [0]]","[[0], [1], [1], [0], [1], [1]]","[[0], [1], [1], [0], [1], [1]]","[[0], [0], [1], [1]]",1.0,1.0,2.0,2.0
270,270,T10,pTac,AraC,pTet,pBAD,AraC,"[[0], [0], [0], [0], [0], [0]]","[[0], [0], [0], [1], [0], [0]]","[[0], [1], [1], [1], [0], [0]]","[[0], [1], [1], [1], [0], [0]]","[[0], [0], [0], [0]]",0.0,0.0,1.0,1.0
271,271,T10,pTac,AraC,pTet,pBAD,PsrA,"[[0], [0], [0], [0], [0], [0]]","[[0], [0], [0], [1], [0], [0]]","[[0], [1], [1], [1], [0], [0]]","[[0], [1], [1], [1], [0], [0]]","[[0], [0], [0], [0]]",0.0,0.0,1.0,1.0
272,272,T10,pTac,AraC,pTet,pBAD,tfSp,"[[0], [0], [0], [0], [0], [0]]","[[0], [0], [0], [1], [0], [0]]","[[0], [1], [1], [1], [0], [0]]","[[0], [1], [1], [1], [0], [0]]","[[0], [0], [0], [0]]",0.0,0.0,1.0,1.0
273,273,T10,pTac,AraC,pTet,pPsrA,AraC,"[[0], [0], [0], [0], [1], [1]]","[[0], [0], [0], [1], [1], [1]]","[[0], [1], [1], [1], [1], [1]]","[[0], [1], [1], [1], [1], [1]]","[[1], [1], [1], [1]]",1.0,1.0,2.0,2.0
274,274,T10,pTac,AraC,pTet,pPsrA,PsrA,"[[0, 0], [0, 0], [0, 0], [0, 0], [1, 0], [1, 0]]","[[0], [0], [0], [1], [1], [1]]","[[0], [1], [1], [1], [1], [1]]","[[0], [1], [1], [1], [1], [1]]","[[1, 0], [1], [1], [1]]",0.5,1.0,2.0,2.0
275,275,T10,pTac,AraC,pTet,pPsrA,tfSp,"[[0], [0], [0], [0], [1], [1]]","[[0], [0], [0], [1], [1], [1]]","[[0], [1], [1], [1], [1], [1]]","[[0], [1], [1], [1], [1], [1]]","[[1], [1], [1], [1]]",1.0,1.0,2.0,2.0
276,276,T10,pTac,AraC,pTet,pTac,AraC,"[[0], [0], [0], [0], [0], [0]]","[[0], [0], [0], [1], [1], [1]]","[[0], [1], [1], [1], [1], [1]]","[[0], [1], [1], [1], [1], [1]]","[[0], [1], [1], [1]]",0.0,1.0,2.0,2.0
277,277,T10,pTac,AraC,pTet,pTac,PsrA,"[[0], [0], [0], [0], [0], [0]]","[[0], [0], [0], [1], [1], [1]]","[[0], [1], [1], [1], [1], [1]]","[[0], [1], [1], [1], [1], [1]]","[[0], [1], [1], [1]]",0.0,1.0,2.0,2.0
278,278,T10,pTac,AraC,pTet,pTac,tfSp,"[[0], [0], [0], [0], [0], [0]]","[[0], [0], [0], [1], [1], [1]]","[[0], [1], [1], [1], [1], [1]]","[[0], [1], [1], [1], [1], [1]]","[[0], [1], [1], [1]]",0.0,1.0,2.0,2.0
279,279,T10,pTac,AraC,T10,pBAD,AraC,"[[0], [0], [0], [0], [0], [0]]","[[0], [0], [0], [0], [0], [0]]","[[0], [1], [1], [0], [0], [0]]","[[0], [1], [1], [0], [0], [0]]","[[0], [0], [0], [0]]",0.0,0.0,1.0,1.0
280,280,T10,pTac,AraC,T10,pBAD,PsrA,"[[0], [0], [0], [0], [0], [0]]","[[0], [0], [0], [0], [0], [0]]","[[0], [1], [1], [0], [0], [0]]","[[0], [1], [1], [0], [0], [0]]","[[0], [0], [0], [0]]",0.0,0.0,1.0,1.0
281,281,T10,pTac,AraC,T10,pBAD,tfSp,"[[0], [0], [0], [0], [0], [0]]","[[0], [0], [0], [0], [0], [0]]","[[0], [1], [1], [0], [0], [0]]","[[0], [1], [1], [0], [0], [0]]","[[0], [0], [0], [0]]",0.0,0.0,1.0,1.0
282,282,T10,pTac,AraC,T10,pPsrA,AraC,"[[0], [0], [0], [0], [1], [1]]","[[0], [0], [0], [0], [1], [1]]","[[0], [1], [1], [0], [1], [1]]","[[0], [1], [1], [0], [1], [1]]","[[1], [1], [1], [1]]",1.0,1.0,2.0,2.0
283,283,T10,pTac,AraC,T10,pPsrA,PsrA,"[[0, 0], [0, 0], [0, 0], [0, 0], [1, 0], [1, 0]]","[[0, 0], [0, 0], [0, 0], [0, 0], [0, 1], [0, 1]]","[[0, 0], [1, 1], [1, 1], [0, 0], [1, 0], [1, 0]]","[[0, 0], [1, 1], [1, 1], [0, 0], [0, 1], [0, 1]]","[[1, 0], [0, 1], [1, 0], [0, 1]]",0.5,0.5,1.5,1.5
284,284,T10,pTac,AraC,T10,pPsrA,tfSp,"[[0], [0], [0], [0], [1], [1]]","[[0], [0], [0], [0], [1], [1]]","[[0], [1], [1], [0], [1], [1]]","[[0], [1], [1], [0], [1], [1]]","[[1], [1], [1], [1]]",1.0,1.0,2.0,2.0
285,285,T10,pTac,AraC,T10,pTac,AraC,"[[0], [0], [0], [0], [0], [0]]","[[0], [0], [0], [0], [0], [0]]","[[0], [1], [1], [0], [1], [1]]","[[0], [1], [1], [0], [1], [1]]","[[0], [0], [1], [1]]",0.0,0.0,2.0,2.0
286,286,T10,pTac,AraC,T10,pTac,PsrA,"[[0], [0], [0], [0], [0], [0]]","[[0], [0], [0], [0], [0], [0]]","[[0], [1], [1], [0], [1], [1]]","[[0], [1], [1], [0], [1], [1]]","[[0], [0], [1], [1]]",0.0,0.0,2.0,2.0
287,287,T10,pTac,AraC,T10,pTac,tfSp,"[[0], [0], [0], [0], [0], [0]]","[[0], [0], [0], [0], [0], [0]]","[[0], [1], [1], [0], [1], [1]]","[[0], [1], [1], [0], [1], [1]]","[[0], [0], [1], [1]]",0.0,0.0,2.0,2.0
288,288,T10,pTac,PsrA,pTet,pBAD,AraC,"[[0], [0], [0], [0], [0], [0]]","[[0], [0], [0], [1], [0], [0]]","[[0], [1], [1], [1], [0], [0]]","[[0], [1], [1], [1], [0], [0]]","[[0], [0], [0], [0]]",0.0,0.0,1.0,1.0
289,289,T10,pTac,PsrA,pTet,pBAD,PsrA,"[[0], [0], [0], [0], [0], [0]]","[[0], [0], [0], [1], [0], [0]]","[[0], [1], [1], [1], [0], [0]]","[[0], [1], [1], [1], [0], [0]]","[[0], [0], [0], [0]]",0.0,0.0,1.0,1.0
290,290,T10,pTac,PsrA,pTet,pBAD,tfSp,"[[0], [0], [0], [0], [0], [0]]","[[0], [0], [0], [1], [0], [0]]","[[0], [1], [1], [1], [0], [0]]","[[0], [1], [1], [1], [0], [0]]","[[0], [0], [0], [0]]",0.0,0.0,1.0,1.0
291,291,T10,pTac,PsrA,pTet,pPsrA,AraC,"[[0], [0], [0], [0], [1], [1]]","[[0], [0], [0], [1], [1], [1]]","[[0], [1], [1], [1], [1], [1]]","[[0], [1], [1], [1], [1], [1]]","[[1], [1], [1], [1]]",1.0,1.0,2.0,2.0
292,292,T10,pTac,PsrA,pTet,pPsrA,PsrA,"[[0, 0], [0, 0], [0, 0], [0, 0], [1, 0], [1, 0]]","[[0], [0], [0], [1], [1], [1]]","[[0], [1], [1], [1], [1], [1]]","[[0], [1], [1], [1], [1], [1]]","[[1, 0], [1], [1], [1]]",0.5,1.0,2.0,2.0
293,293,T10,pTac,PsrA,pTet,pPsrA,tfSp,"[[0], [0], [0], [0], [1], [1]]","[[0], [0], [0], [1], [1], [1]]","[[0], [1], [1], [1], [1], [1]]","[[0], [1], [1], [1], [1], [1]]","[[1], [1], [1], [1]]",1.0,1.0,2.0,2.0
294,294,T10,pTac,PsrA,pTet,pTac,AraC,"[[0], [0], [0], [0], [0], [0]]","[[0], [0], [0], [1], [1], [1]]","[[0], [1], [1], [1], [1], [1]]","[[0], [1], [1], [1], [1], [1]]","[[0], [1], [1], [1]]",0.0,1.0,2.0,2.0
295,295,T10,pTac,PsrA,pTet,pTac,PsrA,"[[0], [0], [0], [0], [0], [0]]","[[0], [0], [0], [1], [1], [1]]","[[0], [1], [1], [1], [1], [1]]","[[0], [1], [1], [1], [1], [1]]","[[0], [1], [1], [1]]",0.0,1.0,2.0,2.0
296,296,T10,pTac,PsrA,pTet,pTac,tfSp,"[[0], [0], [0], [0], [0], [0]]","[[0], [0], [0], [1], [1], [1]]","[[0], [1], [1], [1], [1], [1]]","[[0], [1], [1], [1], [1], [1]]","[[0], [1], [1], [1]]",0.0,1.0,2.0,2.0
297,297,T10,pTac,PsrA,T10,pBAD,AraC,"[[0], [0], [0], [0], [0], [0]]","[[0], [0], [0], [0], [0], [0]]","[[0], [1], [1], [0], [0], [0]]","[[0], [1], [1], [0], [0], [0]]","[[0], [0], [0], [0]]",0.0,0.0,1.0,1.0
298,298,T10,pTac,PsrA,T10,pBAD,PsrA,"[[0], [0], [0], [0], [0], [0]]","[[0], [0], [0], [0], [0], [0]]","[[0], [1], [1], [0], [0], [0]]","[[0], [1], [1], [0], [0], [0]]","[[0], [0], [0], [0]]",0.0,0.0,1.0,1.0
299,299,T10,pTac,PsrA,T10,pBAD,tfSp,"[[0], [0], [0], [0], [0], [0]]","[[0], [0], [0], [0], [0], [0]]","[[0], [1], [1], [0], [0], [0]]","[[0], [1], [1], [0], [0], [0]]","[[0], [0], [0], [0]]",0.0,0.0,1.0,1.0
300,300,T10,pTac,PsrA,T10,pPsrA,AraC,"[[0], [0], [0], [0], [1], [1]]","[[0], [0], [0], [0], [1], [1]]","[[0], [1], [1], [0], [0], [0]]","[[0], [1], [1], [0], [0], [0]]","[[1], [1], [0], [0]]",1.0,1.0,1.0,1.0
301,301,T10,pTac,PsrA,T10,pPsrA,PsrA,"[[0, 0], [0, 0], [0, 0], [0, 0], [1, 0], [1, 0]]","[[0, 0], [0, 0], [0, 0], [0, 0], [0, 1], [0, 1]]","[[0], [1], [1], [0], [0], [0]]","[[0], [1], [1], [0], [0], [0]]","[[1, 0], [0, 1], [0], [0]]",0.5,0.5,1.0,1.0
302,302,T10,pTac,PsrA,T10,pPsrA,tfSp,"[[0], [0], [0], [0], [1], [1]]","[[0], [0], [0], [0], [1], [1]]","[[0], [1], [1], [0], [0], [0]]","[[0], [1], [1], [0], [0], [0]]","[[1], [1], [0], [0]]",1.0,1.0,1.0,1.0
303,303,T10,pTac,PsrA,T10,pTac,AraC,"[[0], [0], [0], [0], [0], [0]]","[[0], [0], [0], [0], [0], [0]]","[[0], [1], [1], [0], [1], [1]]","[[0], [1], [1], [0], [1], [1]]","[[0], [0], [1], [1]]",0.0,0.0,2.0,2.0
304,304,T10,pTac,PsrA,T10,pTac,PsrA,"[[0], [0], [0], [0], [0], [0]]","[[0], [0], [0], [0], [0], [0]]","[[0], [1], [1], [0], [1], [1]]","[[0], [1], [1], [0], [1], [1]]","[[0], [0], [1], [1]]",0.0,0.0,2.0,2.0
305,305,T10,pTac,PsrA,T10,pTac,tfSp,"[[0], [0], [0], [0], [0], [0]]","[[0], [0], [0], [0], [0], [0]]","[[0], [1], [1], [0], [1], [1]]","[[0], [1], [1], [0], [1], [1]]","[[0], [0], [1], [1]]",0.0,0.0,2.0,2.0
306,306,T10,pTac,tfSp,pTet,pBAD,AraC,"[[0], [0], [0], [0], [0], [0]]","[[0], [0], [0], [1], [0], [0]]","[[0], [1], [1], [1], [0], [0]]","[[0], [1], [1], [1], [0], [0]]","[[0], [0], [0], [0]]",0.0,0.0,1.0,1.0
307,307,T10,pTac,tfSp,pTet,pBAD,PsrA,"[[0], [0], [0], [0], [0], [0]]","[[0], [0], [0], [1], [0], [0]]","[[0], [1], [1], [1], [0], [0]]","[[0], [1], [1], [1], [0], [0]]","[[0], [0], [0], [0]]",0.0,0.0,1.0,1.0
308,308,T10,pTac,tfSp,pTet,pBAD,tfSp,"[[0], [0], [0], [0], [0], [0]]","[[0], [0], [0], [1], [0], [0]]","[[0], [1], [1], [1], [0], [0]]","[[0], [1], [1], [1], [0], [0]]","[[0], [0], [0], [0]]",0.0,0.0,1.0,1.0
309,309,T10,pTac,tfSp,pTet,pPsrA,AraC,"[[0], [0], [0], [0], [1], [1]]","[[0], [0], [0], [1], [1], [1]]","[[0], [1], [1], [1], [1], [1]]","[[0], [1], [1], [1], [1], [1]]","[[1], [1], [1], [1]]",1.0,1.0,2.0,2.0
310,310,T10,pTac,tfSp,pTet,pPsrA,PsrA,"[[0, 0], [0, 0], [0, 0], [0, 0], [1, 0], [1, 0]]","[[0], [0], [0], [1], [1], [1]]","[[0], [1], [1], [1], [1], [1]]","[[0], [1], [1], [1], [1], [1]]","[[1, 0], [1], [1], [1]]",0.5,1.0,2.0,2.0
311,311,T10,pTac,tfSp,pTet,pPsrA,tfSp,"[[0], [0], [0], [0], [1], [1]]","[[0], [0], [0], [1], [1], [1]]","[[0], [1], [1], [1], [1], [1]]","[[0], [1], [1], [1], [1], [1]]","[[1], [1], [1], [1]]",1.0,1.0,2.0,2.0
312,312,T10,pTac,tfSp,pTet,pTac,AraC,"[[0], [0], [0], [0], [0], [0]]","[[0], [0], [0], [1], [1], [1]]","[[0], [1], [1], [1], [1], [1]]","[[0], [1], [1], [1], [1], [1]]","[[0], [1], [1], [1]]",0.0,1.0,2.0,2.0
313,313,T10,pTac,tfSp,pTet,pTac,PsrA,"[[0], [0], [0], [0], [0], [0]]","[[0], [0], [0], [1], [1], [1]]","[[0], [1], [1], [1], [1], [1]]","[[0], [1], [1], [1], [1], [1]]","[[0], [1], [1], [1]]",0.0,1.0,2.0,2.0
314,314,T10,pTac,tfSp,pTet,pTac,tfSp,"[[0], [0], [0], [0], [0], [0]]","[[0], [0], [0], [1], [1], [1]]","[[0], [1], [1], [1], [1], [1]]","[[0], [1], [1], [1], [1], [1]]","[[0], [1], [1], [1]]",0.0,1.0,2.0,2.0
315,315,T10,pTac,tfSp,T10,pBAD,AraC,"[[0], [0], [0], [0], [0], [0]]","[[0], [0], [0], [0], [0], [0]]","[[0], [1], [1], [0], [0], [0]]","[[0], [1], [1], [0], [0], [0]]","[[0], [0], [0], [0]]",0.0,0.0,1.0,1.0
316,316,T10,pTac,tfSp,T10,pBAD,PsrA,"[[0], [0], [0], [0], [0], [0]]","[[0], [0], [0], [0], [0], [0]]","[[0], [1], [1], [0], [0], [0]]","[[0], [1], [1], [0], [0], [0]]","[[0], [0], [0], [0]]",0.0,0.0,1.0,1.0
317,317,T10,pTac,tfSp,T10,pBAD,tfSp,"[[0], [0], [0], [0], [0], [0]]","[[0], [0], [0], [0], [0], [0]]","[[0], [1], [1], [0], [0], [0]]","[[0], [1], [1], [0], [0], [0]]","[[0], [0], [0], [0]]",0.0,0.0,1.0,1.0
318,318,T10,pTac,tfSp,T10,pPsrA,AraC,"[[0], [0], [0], [0], [1], [1]]","[[0], [0], [0], [0], [1], [1]]","[[0], [1], [1], [0], [1], [1]]","[[0], [1], [1], [0], [1], [1]]","[[1], [1], [1], [1]]",1.0,1.0,2.0,2.0
319,319,T10,pTac,tfSp,T10,pPsrA,PsrA,"[[0, 0], [0, 0], [0, 0], [0, 0], [1, 0], [1, 0]]","[[0, 0], [0, 0], [0, 0], [0, 0], [0, 1], [0, 1]]","[[0, 0], [1, 1], [1, 1], [0, 0], [1, 0], [1, 0]]","[[0, 0], [1, 1], [1, 1], [0, 0], [0, 1], [0, 1]]","[[1, 0], [0, 1], [1, 0], [0, 1]]",0.5,0.5,1.5,1.5
320,320,T10,pTac,tfSp,T10,pPsrA,tfSp,"[[0], [0], [0], [0], [1], [1]]","[[0], [0], [0], [0], [1], [1]]","[[0], [1], [1], [0], [1], [1]]","[[0], [1], [1], [0], [1], [1]]","[[1], [1], [1], [1]]",1.0,1.0,2.0,2.0
321,321,T10,pTac,tfSp,T10,pTac,AraC,"[[0], [0], [0], [0], [0], [0]]","[[0], [0], [0], [0], [0], [0]]","[[0], [1], [1], [0], [1], [1]]","[[0], [1], [1], [0], [1], [1]]","[[0], [0], [1], [1]]",0.0,0.0,2.0,2.0
322,322,T10,pTac,tfSp,T10,pTac,PsrA,"[[0], [0], [0], [0], [0], [0]]","[[0], [0], [0], [0], [0], [0]]","[[0], [1], [1], [0], [1], [1]]","[[0], [1], [1], [0], [1], [1]]","[[0], [0], [1], [1]]",0.0,0.0,2.0,2.0
323,323,T10,pTac,tfSp,T10,pTac,tfSp,"[[0], [0], [0], [0], [0], [0]]","[[0], [0], [0], [0], [0], [0]]","[[0], [1], [1], [0], [1], [1]]","[[0], [1], [1], [0], [1], [1]]","[[0], [0], [1], [1]]",0.0,0.0,2.0,2.0
